Date,Zip code,# in Group,# New,# Returns,Temperature,Weather
8/20/2015,"""Unknown""",37,37,0,82,Sunny
8/22/2015,"""Unknown""",35,35,0,86,Sunny
8/22/2015,"""Unknown""",45,45,0,86,Sunny
8/23/2015,"""Unknown""",50,50,0,75,Sunny
8/23/2015,"""Unknown""",45,42,3,83,Sunny
8/26/2015,"""Unknown""",42,42,0,82,Partly sunny
8/28/2015,"""Unknown""",16,16,0,82,Partly cloudy
8/29/2015,"""Unknown""",57,56,1,82,Partly cloudy
8/29/2015,"""Unknown""",47,44,3,84,Partly cloudy
8/30/2015,"""Unknown""",40,40,0,77,overcast
8/30/2015,"""Unknown""",30,25,5,90,overcast
9/10/2015,"""Unknown""",29,27,2,77,cloudy
9/12/2015,"""Unknown""",91,87,4,76,cloudy
9/13/2015,"""Unknown""",94,83,11,79,sunny (rained at 4pm)
9/17/2015,"""Unknown""",24,17,7,86,sunny
9/19/2015,"""Unknown""",94,90,4,77,sunny
9/20/2015,"""Unknown""",71,56,15,76,sunny
9/24/2015,"""Unknown""",33,31,2,82,sunny
9/26/2015,"""Unknown""",56,46,10,72,partly sunny
9/27/2015,"""Unknown""",74,70,4,70,partly sunny
10/1/2015,"""Unknown""",35,28,7,64,cloudy
10/3/2015,"""Unknown""",44,31,13,49,rainy and windy
10/4/2015,"""Unknown""",99,87,12,64,sunny
10/8/2015,"""Unknown""",29,25,4,70,sunny
10/10/2015,"""Unknown""",82,72,10,64,sunny
10/11/2015,"""Unknown""",80,65,15,66,sunny
10/15/2015,"""Unknown""",26,22,4,65,sunny
10/17/2015,"""Unknown""",,,,,
10/18/2015,"""Unknown""",77,61,16,50,partly sunny
10/22/2015,"""Unknown""",18,18,0,76,partly sunny
10/24/2015,"""Unknown""",82,70,12,42,cloudy
10/15/2015,"""Unknown""",51,40,11,60,cloudy
10/29/2015,"""Unknown""",8,2,6,68,cloudy and windy
10/31/2015,"""Unknown""",44,37,7,55,partly sunny
11/1/2015,"""Unknown""",66,53,13,64,cloudy
11/5/2015,"""Unknown""",49,29,20,66,cloudy
11/7/2015,"""Unknown""",121,108,13,64,cloudy
11/8/2015,"""Unknown""",94,72,22,60,sunny
11/12/2015,"""Unknown""",9,6,3,59,cloudy
11/14/2015,"""Unknown""",75,62,13,47,Clear
11/15/2015,"""Unknown""",110,102,8,61,sunny
11/19/2015,"""Unknown""",30,18,12,61,rainy
11/21/2015,"""Unknown""",83,62,21,52,Sunny
11/22/2015,"""Unknown""",56,43,13,53,cloudy
11/28/2015,"""Unknown""",67,53,14,63,overcast
11/29/2015,"""Unknown""",93,75,18,48,sunny
12/3/2015,"""Unknown""",11,4,7,50,cloudy
12/5/2015,"""Unknown""",46,37,9,42,sunny
12/6/2015,"""Unknown""",84,56,28,52,sunny
12/10/2015,"""Unknown""",43,17,26,59,sunny
12/12/2015,"""Unknown""",93,76,17,H 63 L 55,mostly cloudy
12/13/2015,"""Unknown""",115,81,34,H 70,partly cloudy 
12/17/2015,"""Unknown""",14,2,12,57,Rainy
12/19/2015,"""Unknown""",29,23,6,42,cloudy
12/20/2015,"""Unknown""",79,52,27,45,sunny
1/7/16,"""Unknown""",20,17,3,46,partly cloudy 
1/9/16,"""Unknown""",79,53,26,46,partly cloudy 
1/10/16,"""Unknown""",91,58,33,59,rainy and sunny 
1/14/16,"""Unknown""",35,13,22,39,cloudy 
1/16/16,"""Unknown""",112,64,48,52,partly cloudy 
1/17/16,"""Unknown""",52,38,14,37,snow
1/18/16,"""Unknown""",11,9,2,27,sunny 
1/21/16,"""Unknown""",34,14,20,33,sunny 
1/26/16,"""Unknown""",2,1,1,46,fair
1/28/16,"""Unknown""",21,10,11,40,partly cloudy 
1/30/16,"""Unknown""",70,35,35,39,sunny 
1/31/16,"""Unknown""",100,61,39,48,sunny 
2/2/16,"""Unknown""",18,9,9,48,sunny 
2/4/16,"""Unknown""",29,9,20,52,cloudy 
2/6/16,"""Unknown""",102,65,37,40,partly cloudy 
2/7/2016,11201,31,,,,
2/7/2016,11203,5,,,,
2/7/2016,11204,3,,,,
2/7/2016,11205,1,,,,
2/7/2016,11215,6,,,,
2/7/2016,11223,2,,,,
2/7/2016,11231,4,,,,
2/7/2016,11238,5,,,,
2/7/2016,11375,3,,,,
2/7/2016,7042,1,,,,
2/7/2016,11354,4,,,,
2/7/2016,10314,4,,,,
2/7/2016,7081,2,,,,
2/8/2016,11201,7,,,,
2/8/2016,11205,3,,,,
2/8/2016,11230,4,,,,
2/8/2016,11233,2,,,,
2/8/2016,Mexico,1,,,,
2/9/2016,11201,8,,,,
2/11/2016,11201,14,,,,
2/11/2016,11218,2,,,,
2/13/2016,11201,22,,,,
2/13/2016,11232,4,,,,
2/13/2016,6811,3,,,,
2/13/2016,11231,3,,,,
2/13/2016,11215,4,,,,
2/13/2016,7024,3,,,,
2/13/2016,11361,3,,,,
2/14/2016,11201,3,,,,
2/14/2016,11217,3,,,,
2/14/2016,11238,6,,,,
2/14/2016,11212,2,,,,
2/16/2016,11201,9,,,,
2/18/2016,11201,74,,,,
2/18/2016,11205,3,,,,
2/18/2016,10473,3,,,,
2/18/2016,11233,2,,,,
2/20/2016,11201,69,,,,
2/20/2016,11373,1,,,,
2/20/2016,11220,6,,,,
2/20/2016,11238,2,,,,
2/20/2016,11232,3,,,,
2/20/2016,11233,3,,,,
2/20/2016,11209,4,,,,
2/20/2016,11231,4,,,,
2/20/2016,11214,8,,,,
2/20/2016,11218,3,,,,
2/20/2016,11205,3,,,,
2/20/2016,10026,1,,,,
2/20/2016,11103,2,,,,
2/20/2016,11215,7,,,,
2/20/2016,11228,4,,,,
2/20/2016,11222,2,,,,
2/20/2016,11226,2,,,,
2/20/2016,out of state,3,,,,
2/21/2016,11201,41,,,,
2/21/2016,11218,3,,,,
2/21/2016,11215,4,,,,
2/21/2016,11377,2,,,,
2/21/2016,11230,4,,,,
2/21/2016,11235,9,,,,
2/21/2016,10007,2,,,,
2/21/2016,10032,3,,,,
2/21/2016,11210,4,,,,
2/21/2016,11220,3,,,,
2/21/2016,7670,4,,,,
2/21/2016,11216,3,,,,
2/21/2016,8854,3,,,,
2/21/2016,7922,2,,,,
2/21/2016,10009,3,,,,
2/21/2016,10017,3,,,,
2/21/2016,11219,4,,,,
2/21/2016,10032,3,,,,
2/21/2016,10467,2,,,,
2/21/2016,11235,2,,,,
2/21/2016,11225,6,,,,
2/21/2016,11205,4,,,,
2/21/2016,11038,4,,,,
2/21/2016,11367,1,,,,
2/21/2016,10307,2,,,,
2/21/2016,32550,1,,,,
2/21/2016,11355,1,,,,
2/21/2016,11204,4,,,,
2/21/2016,11214,5,,,,
2/21/2016,Germany,1,,,,
2/23/2016,11201,4,,,,
2/25/2016,11201,19,,,,
2/25/2016,11361,3,,,,
2/25/2016,Spain,4,,,,
2/27/2016,11201,37,,,,
2/27/2016,10025,6,,,,
2/27/2016,11232,3,,,,
2/27/2016,11236,3,,,,
2/27/2016,11206,3,,,,
2/27/2016,11214,7,,,,
2/27/2016,16801,1,,,,
2/27/2016,11205,2,,,,
2/27/2016,11373,2,,,,
2/27/2016,15228,2,,,,
2/27/2016,16802,2,,,,
2/27/2016,10792,1,,,,
2/27/2016,7470,1,,,,
2/27/2016,18635,1,,,,
2/27/2016,23464,1,,,,
2/27/2016,15701,1,,,,
2/27/2016,63040,1,,,,
2/27/2016,10038,1,,,,
2/27/2016,11216,2,,,,
2/27/2016,10038,12,,,,
2/27/2016,11949,2,,,,
2/27/2016,11233,4,,,,
2/27/2016,2115,2,,,,
2/27/2016,11209,4,,,,
2/27/2016,11231,4,,,,
2/28/2016,11201,59,,,,
2/28/2016,6107,4,,,,
2/28/2016,France,6,,,,
2/28/2016,11714,3,,,,
2/28/2016,10024,3,,,,
2/28/2016,11231,4,,,,
2/28/2016,11204,3,,,,
2/28/2016,10002,6,,,,
2/28/2016,10983,4,,,,
2/28/2016,11220,2,,,,
2/28/2016,10075,3,,,,
2/28/2016,11213,1,,,,
2/28/2016,10030,4,,,,
2/28/2016,11212,4,,,,
2/28/2016,11238,3,,,,
2/28/2016,11133,4,,,,
2/28/2016,11215,7,,,,
2/28/2016,11217,3,,,,
2/28/2016,11209,2,,,,
2/28/2016,10473,4,,,,
2/28/2016,10014,1,,,,
2/28/2016,10022,1,,,,
2/28/2016,11226,8,,,,
2/28/2016,11217,2,,,,
2/28/2016,Korea,5,,,,
2/28/2016,11229,3,,,,
2/28/2016,England,2,,,,
2/28/2016,11234,8,,,,
2/28/2016,11230,3,,,,
2/28/2016,11204,1,,,,
2/28/2016,11216,3,,,,
2/28/2016,11236,4,,,,
3/1/2016,11201,16,,,,
3/1/2016,11231,2,,,,
3/1/2016,11215,1,,,,
3/1/2016,11213,2,,,,
3/3/2016,11201,33,,,,
3/3/2016,11216,2,,,,
3/3/2016,11249,4,,,,
3/3/2016,11206,1,,,,
3/5/2016,11201,30,,,,
3/5/2016,11416,4,,,,
3/5/2016,10457,3,,,,
3/5/2016,12571,2,,,,
3/5/2016,10603,4,,,,
3/5/2016,11231,2,,,,
3/5/2016,11217,4,,,,
3/5/2016,10458,1,,,,
3/5/2016,10803,4,,,,
3/5/2016,11234,5,,,,
3/5/2016,11230,3,,,,
3/5/2016,11218,2,,,,
3/5/2016,11215,5,,,,
3/5/2016,11224,5,,,,
3/5/2016,Chech Rep,2,,,,
3/6/2016,11201,44,,,,
3/6/2016,11215,3,,,,
3/6/2016,11213,3,,,,
3/6/2016,11435,3,,,,
3/6/2016,10010,1,,,,
3/6/2016,11231,10,,,,
3/6/2016,11372,8,,,,
3/6/2016,11230,2,,,,
3/6/2016,11222,3,,,,
3/6/2016,11221,3,,,,
3/6/2016,95207,1,,,,
3/6/2016,11214,4,,,,
3/6/2016,11204,4,,,,
3/6/2016,7020,4,,,,
3/6/2016,11741,1,,,,
3/6/2016,95126,2,,,,
3/6/2016,11220,2,,,,
3/6/2016,Switzerland,1,,,,
3/6/2016,North Carolina,4,,,,
3/8/2016,11201,4,,,,
3/8/2016,10003,1,,,,
3/8/2016,11227,1,,,,
3/8/2016,11217,2,,,,
3/8/2016,70806,1,,,,
3/10/2016,11201,24,,,,
3/10/2016,10009,2,,,,
3/10/2016,11218,3,,,,
3/10/2016,15238,2,,,,
3/10/2016,11233,1,,,,
3/10/2016,11208,1,,,,
3/10/2016,Florida,2,,,,
3/12/2016,11201,28,,,,
3/12/2016,11231,11,,,,
3/12/2016,11206,2,,,,
3/12/2016,10003,1,,,,
3/12/2016,11217,2,,,,
3/12/2016,11222,1,,,,
3/12/2016,11218,3,,,,
3/12/2016,10128,2,,,,
3/12/2016,11238,9,,,,
3/12/2016,11229,3,,,,
3/12/2016,11224,4,,,,
3/12/2016,11377,2,,,,
3/12/2016,11223,3,,,,
3/12/2016,8209,6,,,,
3/12/2016,11201,1,,,,
3/12/2016,11220,7,,,,
3/12/2016,10024,2,,,,
3/12/2016,11214,3,,,,
3/12/2016,10032,3,,,,
3/12/2016,11211,4,,,,
3/12/2016,D.C.,1,,,,
3/13/2016,11201,38,,,,
3/13/2016,11231,9,,,,
3/13/2016,10282,2,,,,
3/13/2016,11217,9,,,,
3/13/2016,10027,4,,,,
3/13/2016,7058,4,,,,
3/13/2016,11232,3,,,,
3/13/2016,11209,2,,,,
3/13/2016,7901,1,,,,
3/13/2016,11233,2,,,,
3/13/2016,10002,4,,,,
3/13/2016,10026,10,,,,
3/13/2016,10025,3,,,,
3/13/2016,11220,3,,,,
3/13/2016,90404,3,,,,
3/13/2016,10032,2,,,,
3/13/2016,11230,5,,,,
3/13/2016,11237,1,,,,
3/13/2016,44107,2,,,,
3/13/2016,11235,1,,,,
3/13/2016,11210,5,,,,
3/13/2016,Canada,2,,,,
3/15/2016,11210,15,,,,
3/15/2016,78757,3,,,,
3/17/2016,11201,18,,,,
3/17/2016,11204,4,,,,
3/19/2016,11201,58,,,,
3/19/2016,10013,2,,,,
3/19/2016,10002,3,,,,
3/19/2016,11204,1,,,,
3/19/2016,11218,2,,,,
3/19/2016,7512,1,,,,
3/19/2016,7506,1,,,,
3/19/2016,34895,2,,,,
3/19/2016,11208,1,,,,
3/19/2016,10025,1,,,,
3/19/2016,11106,3,,,,
3/19/2016,11215,5,,,,
3/19/2016,11230,1,,,,
3/19/2016,20015,5,,,,
3/19/2016,11224,1,,,,
3/19/2016,10303,1,,,,
3/19/2016,10304,1,,,,
3/19/2016,10528,4,,,,
3/19/2016,11203,3,,,,
3/19/2016,11378,2,,,,
3/19/2016,11231,4,,,,
3/19/2016,11106,3,,,,
3/19/2016,20007,2,,,,
3/19/2016,71467,3,,,,
3/19/2016,9073,3,,,,
3/19/2016,7731,4,,,,
3/19/2016,Montreal,1,,,,
3/19/2016,UK,1,,,,
3/20/2016,11201,42,,,,
3/20/2016,11213,2,,,,
3/20/2016,11201,2,,,,
3/20/2016,11205,3,,,,
3/20/2016,10452,3,,,,
3/20/2016,10028,2,,,,
3/20/2016,10704,4,,,,
3/20/2016,50648,2,,,,
3/20/2016,11216,5,,,,
3/20/2016,11354,4,,,,
3/20/2016,92130,2,,,,
3/20/2016,78526,2,,,,
3/20/2016,11223,2,,,,
3/20/2016,Korea,7,,,,
3/20/2016,UK,2,,,,
3/22/2016,11201,25,,,,
3/22/2016,11208,1,,,,
3/22/2016,11206,2,,,,
3/22/2016,12524,1,,,,
3/22/2016,11211,2,,,,
3/22/2016,Denmark,1,,,,
3/24/2016,11201,24,,,,
3/24/2016,10463,2,,,,
3/24/2016,11217,2,,,,
3/24/2016,14225,4,,,,
3/24/2016,10044,2,,,,
3/24/2016,11236,2,,,,
3/24/2016,55306,3,,,,
3/24/2016,Uk,3,,,,
3/26/2016,11201,18,,,,
3/26/2016,11385,4,,,,
3/26/2016,10026,5,,,,
3/26/2016,91403,4,,,,
3/26/2016,10128,2,,,,
3/26/2016,20815,2,,,,
3/26/2016,1810,1,,,,
3/26/2016,11209,2,,,,
3/26/2016,87121,1,,,,
3/26/2016,10013,3,,,,
3/26/2016,44615,2,,,,
3/26/2016,8750,4,,,,
3/26/2016,11037,3,,,,
3/26/2016,10028,2,,,,
3/26/2016,11215,2,,,,
3/26/2016,11238,2,,,,
3/26/2016,11214,4,,,,
3/26/2016,11231,2,,,,
3/26/2016,10037,2,,,,
3/26/2016,11211,1,,,,
3/26/2016,11692,4,,,,
3/26/2016,19004,4,,,,
3/26/2016,10128,1,,,,
3/26/2016,K1Y0B9,2,,,,
3/26/2016,N68598,3,,,,
3/26/2016,Paris,1,,,,
3/27/2016,11201,44,,,,
3/27/2016,11231,1,,,,
3/27/2016,11373,3,,,,
3/27/2016,11215,6,,,,
3/27/2016,10010,3,,,,
3/27/2016,10002,3,,,,
3/27/2016,11226,2,,,,
3/27/2016,11101,2,,,,
3/27/2016,11223,5,,,,
3/27/2016,34128,1,,,,
3/27/2016,11379,2,,,,
3/27/2016,11249,2,,,,
3/27/2016,28226,5,,,,
3/27/2016,97116,2,,,,
3/27/2016,10026,4,,,,
3/27/2016,97116,2,,,,
3/27/2016,11374,4,,,,
3/27/2016,23320,1,,,,
3/27/2016,11213,3,,,,
3/27/2016,10452,5,,,,
3/27/2016,11238,3,,,,
3/27/2016,10502,3,,,,
3/27/2016,11228,3,,,,
3/27/2016,Germany,2,,,,
3/27/2016,Canada,2,,,,
3/27/2016,Rhode Island,1,,,,
3/29/2016,11201,12,,,,
3/31/2016,11201,28,,,,
3/31/2016,8854,4,,,,
3/31/2016,11104,3,,,,
3/31/2016,11236,3,,,,
3/31/2016,11109,4,,,,
3/31/2016,11218,2,,,,
4/2/2016,11201,34,,,,
4/2/2016,11230,5,,,,
4/2/2016,7108,2,,,,
4/2/2016,11205,2,,,,
4/2/2016,6082,2,,,,
4/2/2016,10003,2,,,,
4/2/2016,95928,2,,,,
4/2/2016,11428,4,,,,
4/2/2016,10005,4,,,,
4/2/2016,10044,2,,,,
4/2/2016,10027,1,,,,
4/2/2016,10013,2,,,,
4/2/2016,11214,2,,,,
4/2/2016,11232,2,,,,
4/2/2016,11218,2,,,,
4/2/2016,10009,3,,,,
4/2/2016,Canada,2,,,,
4/3/2016,11201,41,,,,
4/3/2016,11216,3,,,,
4/3/2016,5673,2,,,,
4/3/2016,11217,4,,,,
4/3/2016,7024,1,,,,
4/3/2016,18210,2,,,,
4/3/2016,11218,3,,,,
4/3/2016,11205,3,,,,
4/3/2016,11215,5,,,,
4/3/2016,France,4,,,,
4/3/2016,UK,1,,,,
4/3/2016,Australia,4,,,,
4/5/2016,11201,10,,,,
4/5/2016,11206,2,,,,
4/5/2016,11249,1,,,,
4/5/2016,92130,1,,,,
4/7/2016,11201,23,,,,
4/9/2016,11201,7,,,,
4/9/2016,11234,2,,,,
4/10/2016,11201,60,,,,
4/10/2016,11231,3,,,,
4/10/2016,11375,1,,,,
4/10/2016,60615,2,,,,
4/10/2016,60637,1,,,,
4/10/2016,10021,3,,,,
4/10/2016,6801,2,,,,
4/10/2016,11225,2,,,,
4/10/2016,11215,3,,,,
4/10/2016,11225,4,,,,
4/10/2016,11205,2,,,,
4/10/2016,8724,1,,,,
4/10/2016,11103,2,,,,
4/10/2016,11209,5,,,,
4/10/2016,11314,3,,,,
4/10/2016,12533,1,,,,
4/10/2016,94024,2,,,,
4/10/2016,Vermont,2,,,,
4/12/2016,11201,2,,2,54,Sunny
4/12/2016,11201,3,,3,,
4/12/2016,11201,2,2,,,
4/12/2016,11201,4,,4,,
4/12/2016,11201,2,,2,,
4/12/2016,11201,2,,2,,
4/12/2016,11201,2,,2,,
4/12/2016,England,2,2,,,
4/14/2016,11205,3,3,,54,Sunny
4/14/2016,11225,2,2,,,
4/14/2016,11201,2,2,,,
4/14/2016,10016,2,2,,,
4/14/2016,11201,4,,4,,
4/14/2016,10009,2,2,,,
4/14/2016,11201,3,,3,,
4/14/2016,11201,4,,4,,
4/14/2016,11201,2,,2,,
4/14/2016,11201,3,,3,,
4/14/2016,11201,2,,1,,
4/16/2016,11201,1,1,,64,Sunny
4/16/2016,11204,5,5,,,
4/16/2016,11201,3,3,,,
4/16/2016,11201,4,,4,,
4/16/2016,11203,2,2,,,
4/16/2016,11201,2,2,,,
4/16/2016,11201,2,2,,,
4/16/2016,8817,2,2,,,
4/16/2016,11201,2,2,,,
4/16/2016,11218,4,4,,,
4/16/2016,11203,3,3,,,
4/16/2016,11375,5,2,3,,
4/16/2016,11249,4,4,,,
4/16/2016,11201,3,,3,,
4/16/2016,11228,2,2,,,
4/16/2016,11229,3,3,,,
4/16/2016,11201,4,4,,,
4/16/2016,11372,3,3,,,
4/16/2016,11201,2,,2,,
4/16/2016,11201,2,,2,,
4/16/2016,11378,4,4,,,
4/16/2016,11215,2,2,,,
4/16/2016,11710,5,5,,,
4/16/2016,10312,1,1,,,
4/16/2016,11201,2,2,,,
4/16/2016,11201,2,,2,,
4/16/2016,10314,3,3,,,
4/16/2016,11215,3,3,,,
4/16/2016,11201,2,,2,,
4/16/2016,11201,2,2,,,
4/16/2016,11215,3,3,,,
4/16/2016,11418,2,2,,,
4/16/2016,11201,7,,7,,
4/16/2016,11375,2,2,,,
4/16/2016,11201,2,,2,,
4/16/2016,11226,2,2,,,
4/16/2016,11232,3,2,1,,
4/16/2016,10462,1,1,,,
4/16/2016,11215,2,2,,,
4/16/2016,11201,3,,3,,
4/16/2016,11218,2,2,,,
4/16/2016,11215,3,3,,,
4/16/2016,England,2,2,,,
4/16/2016,Denmark,1,1,,,
4/17/2016,1752,6,5,1,70,Sunny
4/17/2016,11201,3,,3,,
4/17/2016,11207,3,3,,,
4/17/2016,11212,2,2,,,
4/17/2016,11726,1,1,,,
4/17/2016,11222,1,1,,,
4/17/2016,11201,1,1,,,
4/17/2016,11201,1,1,,,
4/17/2016,11566,2,2,,,
4/17/2016,11418,4,4,,,
4/17/2016,11201,3,3,,,
4/17/2016,11201,4,,4,,
4/17/2016,11201,2,2,,,
4/17/2016,11212,2,,2,,
4/17/2016,11201,3,3,,,
4/17/2016,11201,2,,2,,
4/17/2016,11221,8,8,,,
4/17/2016,11201,2,2,,,
4/17/2016,11230,1,1,,,
4/17/2016,11275,3,,3,,
4/17/2016,11102,1,1,,,
4/17/2016,11201,3,,3,,
4/17/2016,10026,1,1,,,
4/17/2016,11209,1,1,,,
4/17/2016,11249,2,2,,,
4/17/2016,11201,3,,3,,
4/17/2016,11201,3,3,,,
4/17/2016,11201,3,,3,,
4/17/2016,11223,3,3,,,
4/17/2016,11216,2,2,,,
4/17/2016,11201,2,2,,,
4/17/2016,11201,3,3,,,
4/17/2016,11201,2,2,,,
4/17/2016,10021,4,4,,,
4/17/2016,10012,1,1,,,
4/17/2016,11214,2,2,,,
4/19/2016,11201,3,3,,70,Sunny
4/19/2016,11201,2,,2,,
4/19/2016,11201,3,,3,,
4/19/2016,11418,1,1,,,
4/19/2016,11201,2,,2,,
4/19/2016,11201,3,,3,,
4/21/2016,10280,2,2,,72,Sunny
4/21/2016,11201,1,1,,,
4/21/2016,11223,1,1,,,
4/21/2016,11201,2,,2,,
4/21/2016,11201,3,,3,,
4/21/2016,11201,3,,3,,
4/21/2016,Jamaica,2,,2,,
4/23/2016,11215,4,4,,75,Sunny
4/23/2016,11217,3,3,,,
4/23/2016,11201,3,,3,,
4/23/2016,11201,2,2,,,
4/23/2016,11232,2,2,,,
4/23/2016,36532,1,1,,,
4/23/2016,11201,5,5,,,
4/23/2016,11215,5,5,,,
4/23/2016,11201,4,4,,,
4/23/2016,11201,2,2,,,
4/23/2016,11204,2,2,,,
4/23/2016,75019,2,2,,,
4/23/2016,11201,2,2,,,
4/23/2016,11208,5,5,,,
4/23/2016,10003,4,4,,,
4/23/2016,10022,2,2,,,
4/23/2016,11231,2,2,,,
4/23/2016,11201,3,3,,,
4/23/2016,11220,1,1,,,
4/23/2016,11205,2,2,,,
4/23/2016,2467,5,5,,,
4/23/2016,10065,1,1,,,
4/23/2016,11209,3,3,,,
4/23/2016,11209,2,2,,,
4/23/2016,10009,3,3,,,
4/23/2016,11201,2,2,,,
4/23/2016,11201,3,3,,,
4/23/2016,10009,2,2,,,
4/23/2016,11205,6,6,,,
4/23/2016,11385,2,2,,,
4/23/2016,11201,3,3,,,
4/23/2016,11416,2,2,,,
4/23/2016,11201,4,4,,,
4/23/2016,11216,2,2,,,
4/23/2016,10038,3,3,,,
4/23/2016,10003,2,2,,,
4/23/2016,11224,2,2,,,
4/23/2016,11201,4,4,,,
4/23/2016,11215,3,3,,,
4/23/2016,11204,5,5,,,
4/23/2016,11201,2,2,,,
4/23/2016,11201,2,2,,,
4/23/2016,11201,4,4,,,
4/23/2016,10017,5,5,,,
4/23/2016,11209,3,3,,,
4/23/2016,11208,4,4,,,
4/23/2016,11209,5,5,,,
4/23/2016,10013,5,5,,,
4/23/2016,11218,4,4,,,
4/23/2016,11368,2,2,,,
4/23/2016,10011,2,2,,,
4/23/2016,10011,2,2,,,
4/23/2016,33019,2,2,,,
4/23/2016,10013,2,2,,,
4/23/2016,11201,2,,2,,
4/23/2016,11212,4,4,,,
4/23/2016,11209,1,1,,,
4/23/2016,11201,4,4,,,
4/23/2016,11201,2,,2,,
4/23/2016,11215,2,2,,,
4/23/2016,11209,4,4,,,
4/23/2016,11204,2,,2,,
4/23/2016,11218,2,2,,,
4/23/2016,11201,2,,2,,
4/23/2016,11201,2,2,,,
4/23/2016,10012,4,4,,,
4/23/2016,11201,2,2,,,
4/23/2016,11238,2,2,,,
4/23/2016,11203,3,3,,,
4/23/2016,11201,4,4,,,
4/23/2016,11215,2,2,,,
4/23/2016,2459,4,4,,,
4/23/2016,11238,2,2,,,
4/23/2016,11231,2,2,,,
4/23/2016,11222,4,4,,,
4/23/2016,11576,2,2,,,
4/23/2016,11201,2,2,,,
4/23/2016,11233,4,4,,,
4/23/2016,11223,5,5,,,
4/23/2016,10302,6,6,,,
4/23/2016,10994,2,2,,,
4/23/2016,11201,4,,4,,
4/23/2016,11361,2,2,,,
4/23/2016,11205,3,3,,,
4/23/2016,11236,3,3,,,
4/23/2016,11201,2,2,,,
4/23/2016,11233,3,3,,,
4/23/2016,11249,4,4,,,
4/23/2016,11205,1,1,,,
4/23/2016,11229,2,2,,,
4/23/2016,11201,2,,2,,
4/23/2016,11201,2,,2,,
4/23/2016,11201,2,2,,,
4/23/2016,11373,1,1,,,
4/23/2016,11201,4,4,,,
4/23/2016,11373,3,3,,,
4/23/2016,11201,4,4,,,
4/23/2016,10036,4,4,,,
4/23/2016,10011,3,3,,,
4/23/2016,11229,2,2,,,
4/23/2016,11233,2,,2,,
4/23/2016,10012,2,2,,,
4/23/2016,11109,2,2,,,
4/23/2016,11201,5,,5,,
4/23/2016,11231,2,2,,,
4/23/2016,11212,4,4,,,
4/23/2016,11201,3,3,,,
4/23/2016,10038,2,2,,,
4/23/2016,11217,3,3,,,
4/23/2016,11231,3,,3,,
4/23/2016,10804,4,4,,,
4/23/2016,11212,2,2,,,
4/23/2016,10466,3,3,,,
4/23/2016,11201,2,2,,,
4/23/2016,11815,7,7,,,
4/23/2016,11225,3,3,,,
4/23/2016,10462,4,4,,,
4/23/2016,11375,1,1,,,
4/23/2016,10032,2,2,,,
4/23/2016,11230,3,3,,,
4/23/2016,11435,3,3,,,
4/23/2016,11372,3,3,,,
4/23/2016,11216,3,3,,,
4/23/2016,11201,3,3,,,
4/23/2016,10063,2,2,,,
4/23/2016,11201,2,2,,,
4/24/2016,11201,1,1,,62,Sunny
4/24/2016,11412,3,3,,,
4/24/2016,11222,2,2,,,
4/24/2016,11201,4,,4,,
4/24/2016,11201,2,2,,,
4/24/2016,90322,2,2,,,
4/24/2016,11218,4,4,,,
4/24/2016,11418,4,4,,,
4/24/2016,11201,2,2,,,
4/24/2016,11216,3,3,,,
4/24/2016,11201,3,3,,,
4/24/2016,11201,3,3,,,
4/24/2016,11201,2,2,,,
4/24/2016,11201,2,2,,,
4/24/2016,10314,4,4,,,
4/24/2016,11205,2,2,,,
4/24/2016,10280,5,5,,,
4/24/2016,11223,5,5,,,
4/24/2016,11217,4,4,,,
4/24/2016,11201,3,3,,,
4/24/2016,11233,4,4,,,
4/24/2016,11201,3,3,,,
4/24/2016,11201,4,4,,,
4/24/2016,11201,3,3,,,
4/24/2016,11201,4,2,2,,
4/24/2016,11201,3,,3,,
4/24/2016,11201,2,,2,,
4/24/2016,11201,3,,3,,
4/24/2016,10023,1,1,,,
4/24/2016,11201,2,2,,,
4/24/2016,11201,6,,6,,
4/26/2016,11225,4,,4,54,Light rain
4/26/2016,10002,3,,3,,
4/26/2016,10016,5,,5,,
4/26/2016,11230,5,,5,,
4/26/2016,32903,6,,6,,
4/26/2016,11206,6,,6,,
4/26/2016,11201,2,,2,,
4/26/2016,11201,3,,3,,
4/26/2016,11201,3,,3,,
4/26/2016,11218,4,,4,,
4/26/2016,11249,2,,2,,
4/26/2016,11367,3,,3,,
4/26/2016,11224,2,,2,,
4/26/2016,11201,5,,5,,
4/26/2016,11201,2,,2,,
4/26/2016,11201,3,,3,,
4/26/2016,11433,6,,6,,
4/26/2016,10039,5,,5,,
4/26/2016,11367,2,,2,,
4/26/2016,11598,6,3,3,,
4/26/2016,11211,3,2,1,,
4/26/2016,11201,2,,2,,
4/26/2016,11219,5,2,3,,
4/26/2016,11219,2,,2,,
4/28/2016,11230,5,5,,57,Cloudy
4/28/2016,11201,3,3,,,
4/28/2016,11201,2,2,,,
4/28/2016,11201,2,2,,,
4/28/2016,11201,4,,4,,
4/28/2016,11714,2,2,,,
4/28/2016,11201,3,,3,,
4/28/2016,11205,6,6,,,
4/28/2016,11206,3,,3,,
4/28/2016,11201,3,3,,,
4/28/2016,11231,5,5,,,
4/28/2016,11375,2,2,,,
4/28/2016,11375,2,2,,,
4/28/2016,11373,6,6,,,
4/28/2016,Japan,4,4,,,
4/30/2016,11238,3,3,,60,Sunny
4/30/2016,11372,2,2,,,
4/30/2016,11231,2,,2,,
4/30/2016,12583,3,3,,,
4/30/2016,11217,2,2,,,
4/30/2016,11217,3,3,,,
4/30/2016,11201,2,2,,,
4/30/2016,10304,5,,5,,
4/30/2016,11205,3,3,,,
4/30/2016,10016,2,2,,,
4/30/2016,11203,4,4,,,
4/30/2016,11201,3,,3,,
4/30/2016,11249,3,,3,,
4/30/2016,11101,4,4,,,
4/30/2016,7201,3,3,,,
4/30/2016,11201,3,3,,,
4/30/2016,10027,4,4,,,
4/30/2016,11201,1,1,,,
4/30/2016,11201,2,,2,,
4/30/2016,11201,2,,2,,
4/30/2016,11238,4,4,,,
4/30/2016,11201,3,,3,,
4/30/2016,11238,4,4,,,
4/30/2016,18631,2,2,,,
4/30/2016,20816,2,2,,,
4/30/2016,10472,3,3,,,
4/30/2016,11201,2,2,,,
4/30/2016,11218,2,2,,,
4/30/2016,11201,4,,4,,
4/30/2016,11217,2,2,,,
4/30/2016,11201,3,,3,,
4/30/2016,11201,6,6,,,
4/30/2016,10014,2,,2,,
4/30/2016,11212,7,7,,,
4/30/2016,11201,4,,4,,
4/30/2016,11201,3,,3,,
4/30/2016,11201,3,,3,,
4/30/2016,10016,2,,2,,
4/30/2016,11201,3,,3,,
4/30/2016,6776,2,,2,,
5/1/2016,11201,3,3,,52,Rainy
5/1/2016,11201,5,5,,,
5/1/2016,11201,3,,3,,
5/1/2016,11201,6,6,,,
5/1/2016,11201,3,,3,,
5/1/2016,11201,6,6,,,
5/1/2016,11201,2,2,,,
5/1/2016,11201,3,,3,,
5/1/2016,11201,2,2,,,
5/1/2016,10025,2,2,,,
5/1/2016,11201,2,,2,,
5/1/2016,11201,4,,4,,
5/1/2016,10005,2,2,,,
5/1/2016,11201,3,,3,,
5/3/2016,11201,2,,2,50,rainy
5/3/2016,11201,3,,3,,
5/3/2016,11581,2,,2,,
5/3/2016,11201,5,5,,,
5/3/2016,11201,3,,3,,
5/3/2016,11201,2,,2,,
5/3/2016,11201,3,,3,,
5/3/2016,11201,2,,2,,
5/3/2016,11201,2,,2,,
5/3/2016,11201,2,,2,,
5/5/2016,11201,4,,4,57,cloudy
5/5/2016,11201,6,,6,,
5/5/2016,11201,2,,2,,
5/5/2016,11201,3,,3,,
5/5/2016,11201,3,,3,,
5/5/2016,11201,3,,3,,
5/5/2016,11201,3,,3,,
5/5/2016,11201,2,,2,,
5/5/2016,11201,2,,2,,
5/5/2016,11201,3,,3,,
5/5/2016,11201,3,,3,,
5/5/2016,11201,2,,2,,
5/7/2016,75044,3,2,1,,
5/7/2016,11419,2,2,,,
5/7/2016,11218,3,,3,,
5/7/2016,11201,2,2,,,
5/7/2016,11201,2,2,,,
5/7/2016,1742,4,4,,,
5/7/2016,10025,1,1,,,
5/7/2016,10025,2,2,,,
5/7/2016,11201,2,,2,,
5/7/2016,11201,2,2,,,
5/7/2016,11204,1,1,,,
5/7/2016,7305,1,1,,,
5/7/2016,7390,1,1,,,
5/7/2016,11225,3,3,,,
5/7/2016,11375,4,4,,,
5/7/2016,11201,3,,3,,
5/7/2016,32765,1,1,,,
5/7/2016,10025,5,5,,,
5/7/2016,11201,3,,3,,
5/7/2016,11201,1,1,,,
5/7/2016,11374,3,3,,,
5/7/2016,10016,3,3,,,
5/7/2016,11201,5,,5,,
5/7/2016,11375,3,3,,,
5/7/2016,11205,4,,4,,
5/7/2016,11231,3,3,,,
5/7/2016,Canada,2,2,,,
5/8/2016,11201,2,,2,64,Sunny
5/8/2016,10075,2,2,,,
5/8/2016,12201,2,,2,,
5/8/2016,10002,2,2,,,
5/8/2016,11374,4,,4,,
5/8/2016,11201,1,1,,,
5/8/2016,11201,2,,2,,
5/8/2016,11201,2,,2,,
5/8/2016,11201,2,2,,,
5/8/2016,Portugal,2,2,,,
5/8/2016,11201,6,,6,,
5/8/2016,11201,3,,3,,
5/8/2016,11210,4,4,,,
5/8/2016,11218,3,3,,,
5/8/2016,11201,3,3,,,
5/8/2016,India,1,1,,,
5/8/2016,11201,1,1,,,
5/8/2016,11249,4,4,,,
5/8/2016,11201,2,2,,,
5/8/2016,11201,2,2,,,
5/8/2016,11201,3,3,,,
5/8/2016,11217,1,1,,,
5/8/2016,20906,1,1,,,
5/8/2016,7107,3,3,,,
5/8/2016,11201,2,0,2,,
5/8/2016,11216,3,3,,,
5/8/2016,11201,2,2,,,
5/8/2016,11224,2,,2,,
5/8/2016,10012,2,2,,,
5/8/2016,11228,4,4,,,
5/8/2016,11201,2,,2,,
5/8/2016,11201,2,,2,,
5/8/2016,11201,2,,2,,
5/8/2016,11205,3,3,,,
5/8/2016,11215,2,2,,,
5/10/2016,11201,2,,2,59,Sunny
5/10/2016,11096,2,2,,,
5/10/2016,11201,2,,2,,
5/10/2016,11201,2,,2,,
5/10/2016,11201,2,,2,,
5/10/2016,11201,2,,2,,
5/10/2016,11201,6,4,2,,
5/10/2016,11201,3,,3,,
5/10/2016,11201,2,,2,,
5/10/2016,11201,2,2,,,
5/12/2016,11201,2,,2,76,Sunny
5/12/2016,19123,2,2,,,
5/12/2016,11201,3,,3,,
5/12/2016,11230,2,2,,,
5/12/2016,11201,2,,2,,
5/12/2016,11201,3,,3,,
5/12/2016,11201,2,,2,,
5/12/2016,11201,2,1,1,,
5/14/2016,11231,4,3,1,71,Sunny
5/14/2016,11201,3,,3,,
5/14/2016,11201,2,,2,,
5/14/2016,11201,6,6,,,
5/14/2016,7652,5,5,,,
5/14/2016,11201,4,,4,,
5/14/2016,11201,2,2,,,
5/14/2016,11201,3,1,2,,
5/14/2016,11385,2,2,,,
5/14/2016,11201,4,4,,,
5/14/2016,11201,4,4,,,
5/14/2016,10011,2,2,,,
5/14/2016,11222,2,2,,,
5/14/2016,11201,2,,2,,
5/14/2016,11201,2,,2,,
5/14/2016,11201,2,2,,,
5/14/2016,11201,6,5,1,,
5/14/2016,11201,2,,2,,
5/14/2016,11201,4,4,,,
5/14/2016,11201,2,,2,,
5/14/2016,11201,4,,4,,
5/14/2016,11217,2,2,,,
5/14/2016,11201,2,2,,,
5/15/2016,11201,3,3,,57,cloudy
5/15/2016,10002,6,6,,,
5/15/2016,11201,3,,3,,
5/15/2016,10002,3,3,,,
5/15/2016,10036,6,6,,,
5/15/2016,Chile,1,1,,,
5/15/2016,11216,2,2,,,
5/15/2016,11375,3,3,,,
5/15/2016,11201,3,3,,,
5/15/2016,11220,3,3,,,
5/15/2016,Brazil,1,1,,,
5/15/2016,11201,6,,6,,
5/15/2016,11215,2,2,,,
5/15/2016,11201,4,,4,,
5/15/2016,11215,2,2,,,
5/15/2016,11201,3,3,,,
5/15/2016,10011,1,1,,,
5/15/2016,10011,4,4,,,
5/15/2016,10011,2,2,,,
5/15/2016,11201,3,,3,,
5/15/2016,11225,1,1,,,
5/15/2016,11201,3,,3,,
5/15/2016,11372,1,1,,,
5/15/2016,11201,2,2,,,
5/15/2016,11231,2,1,1,,
5/15/2016,Germany,4,4,,,
5/15/2016,Kentucky,3,3,,,
5/15/2016,11214,3,3,,,
5/15/2016,11378,2,2,,,
5/15/2016,7090,1,1,,,
5/15/2016,Argentina,1,1,,,
5/15/2016,11201,5,5,,,
5/15/2016,11201,2,,2,,
5/15/2016,10033,2,2,,,
5/15/2016,11201,2,,2,,
5/17/2016,11201,2,,2,60,overcast
5/17/2016,11356,3,3,,,
5/17/2016,11364,2,2,,,
5/17/2016,11201,2,,2,,
5/17/2016,11201,4,,4,,
5/17/2016,11201,1,1,,,
5/17/2016,11201,2,,2,,
5/17/2016,11201,2,,2,,
5/17/2016,11201,3,,3,,
5/17/2016,11201,2,,2,,
5/17/2016,11201,4,,4,,
5/17/2016,11201,2,,2,,
5/17/2016,11201,3,,3,,
5/19/2016,11201,3,1,2,64,Partly sunny
5/19/2016,11201,3,,3,,
5/19/2016,11201,2,,2,,
5/19/2016,11201,2,,2,,
5/19/2016,Taiwan,5,5,,,
5/19/2016,11208,3,,3,,
5/19/2016,11214,1,1,,,
5/19/2016,11201,3,,3,,
5/19/2016,11213,13,13,,,
5/19/2016,11201,3,,3,,
5/19/2016,11238,2,2,,,
5/19/2016,11222,4,4,,,
5/19/2016,11231,2,2,,,
5/19/2016,11201,1,,1,,
5/21/2016,11201,3,3,,61,overcast
5/21/2016,11201,2,,2,,
5/21/2016,11222,1,1,,,
5/21/2016,11201,2,2,,,
5/21/2016,11213,2,2,,,
5/21/2016,11231,2,2,,,
5/21/2016,11201,2,2,,,
5/21/2016,11204,3,3,,,
5/21/2016,Colombia,5,5,,,
5/21/2016,11211,2,,2,,
5/21/2016,11205,2,2,,,
5/21/2016,10463,3,1,2,,
5/21/2016,11385,1,1,,,
5/21/2016,11207,1,1,,,
5/21/2016,11201,4,,4,,
5/21/2016,England,2,2,,,
5/21/2016,11201,4,,4,,
5/21/2016,11201,3,,3,,
5/21/2016,11201,2,,2,,
5/21/2016,11201,2,,2,,
5/21/2016,11201,2,,2,,
5/21/2016,11201,5,,5,,
5/21/2016,11201,2,,2,,
5/21/2016,11201,2,,2,,
5/21/2016,Singapore,4,4,,,
5/21/2016,11201,2,,2,,
5/21/2016,11207,2,2,,,
5/21/2016,10010,3,3,,,
5/21/2016,11201,3,,3,,
5/21/2016,11201,3,,3,,
5/22/2016,11201,2,,2,70,mostly sunny
5/22/2016,20003,1,1,,,
5/22/2016,11213,1,1,,,
5/22/2016,Ilinois,4,4,,,
5/22/2016,England,2,2,,,
5/22/2016,11205,2,,2,,
5/22/2016,94102,1,1,,,
5/22/2016,11201,2,2,,,
5/22/2016,11201,1,1,,,
5/22/2016,11215,2,2,,,
5/22/2016,11238,1,1,,,
5/22/2016,11201,3,,3,,
5/22/2016,11201,3,,3,,
5/22/2016,11238,4,4,,,
5/22/2016,11201,3,3,,,
5/22/2016,11201,4,4,,,
5/22/2016,11226,2,2,,,
5/22/2016,11241,3,3,,,
5/22/2016,11201,4,4,,,
5/22/2016,11217,3,,3,,
5/22/2016,11226,1,1,,,
5/22/2016,11201,4,4,,,
5/22/2016,11235,3,3,,,
5/22/2016,11201,2,,2,,
5/22/2016,11201,2,2,,,
5/22/2016,11201,3,,3,,
5/22/2016,10001,1,1,,,
5/22/2016,11231,3,3,,,
5/22/2016,11216,2,2,,,
5/24/2016,11201,2,,2,70,cloudy
5/25/2016,11201,2,,2,,
5/26/2016,11201,2,1,1,,
5/26/2016,Israel,2,2,,,
,11201,2,,2,,
,11214,3,3,,,
5/26/2016,11201,3,,3,,
,11201,3,,3,,
,33132,4,4,,,
5/26/2016,11201,2,,2,,
5/26/2016,11201,3,,3,90,hot and sunny
5/26/2016,11201,3,,3,,
5/26/2016,Portugal,3,3,,,
5/26/2016,Canada,2,2,,,
5/26/2016,11429,2,2,,,
5/26/2016,11422,3,3,,,
5/26/2016,11201,2,,2,,
5/26/2016,11201,3,,3,,
5/26/2016,11216,5,5,,,
5/26/2016,11201,2,,2,,
5/28/2016,20815,3,3,,,
5/28/2016,10002,3,3,,,
5/28/2016,11778,4,4,,,
5/28/2016,11205,5,5,,,
5/28/2016,11225,1,1,,,
5/28/2016,11223,1,1,,,
5/28/2016,10029,2,2,,,
5/28/2016,10025,3,3,,,
5/28/2016,10002,2,2,,,
5/28/2016,Germany,1,1,,,
5/28/2016,11355,2,2,,,
5/28/2016,10065,2,2,,,
5/28/2016,10003,3,3,,,
5/28/2016,10065,3,3,,,
5/28/2016,7959,1,1,,,
5/28/2016,11201,2,,2,,
5/28/2016,11234,3,3,,,
5/28/2016,11249,4,4,,,
5/28/2016,11201,1,,1,,
5/28/2016,15216,2,2,,,
5/28/2016,10025,4,4,,,
5/28/2016,Canada,2,2,,,
5/28/2016,Westchester,2,2,,,
5/28/2016,10023,2,2,,,
5/28/2016,8844,3,3,,,
5/28/2016,11218,1,1,,,
5/28/2016,11215,3,3,,,
5/28/2016,11201,1,,1,,
5/29/2016,11201,2,2,,,
5/29/2016,11215,3,3,,,
5/29/2016,95821,1,1,,,
5/29/2016,England,4,4,,,
5/29/2016,11516,3,3,,,
5/29/2016,Massachusetts,2,2,,,
5/29/2016,11214,2,2,,,
5/29/2016,10407,3,3,,,
5/29/2016,11201,2,2,,,
5/29/2016,11207,4,4,,,
5/29/2016,60605,1,1,,,
5/29/2016,11217,4,4,,,
5/29/2016,11215,3,3,,,
5/29/2016,11238,4,4,,,
5/29/2016,11201,4,3,1,,
5/29/2016,11218,5,5,,,
5/29/2016,78723,4,4,,,
5/29/2016,11201,2,2,,,
5/29/2016,11201,2,,2,,
5/29/2016,11413,4,4,,,
5/29/2016,11230,3,3,,,
5/29/2016,11215,3,3,,,
5/29/2016,Colorado,3,3,,,
5/29/2016,11201,3,3,,,
5/29/2016,11218,3,3,,,
5/29/2016,11201,4,,4,,
5/29/2016,94102,1,1,,,
5/29/2016,11214,2,2,,,
5/29/2016,10304,2,2,,,
5/29/2016,7095,2,2,,,
5/29/2016,11201,2,,2,,
5/29/2016,Germany,1,1,,,
5/29/2016,11417,4,4,,,
5/29/2016,11231,5,5,,,
5/29/2016,11804,3,3,,,
5/29/2016,China,1,1,,,
5/29/2016,11385,4,4,,,
5/31/2016,Denmark,2,2,,,
5/31/2016,11201,2,,2,,
5/31/2016,11201,2,,2,,
5/31/2016,2128,3,3,,,
5/31/2016,11201,2,,2,,
5/31/2016,11201,3,,3,,
5/31/2016,11201,2,,2,,
5/31/2016,11238,2,2,,,
5/31/2016,11201,3,,3,,
6/2/2016,11216,7,7,,72,Sunny
6/2/2016,11201,3,,3,,
6/2/2016,11209,2,2,,,
6/2/2016,77479,3,3,,,
6/2/2016,canada,1,1,,,
6/2/2016,11109,2,2,,,
6/2/2016,11201,4,,4,,
6/2/2016,11201,2,,2,,
6/2/2016,11201,2,2,,,
6/2/2016,China,2,2,,,
6/2/2016,11356,3,3,,,
6/2/2016,11377,2,2,,,
6/2/2016,11201,2,,2,,
6/4/2016,10303,3,3,,80,
6/4/2016,10002,2,2,,,
6/4/2016,10038,3,3,,,
6/4/2016,11233,7,7,,,
6/4/2016,11120,2,2,,,
6/4/2016,11217,2,2,,,
6/4/2016,11566,1,1,,,
6/4/2016,6511,1,1,,,
6/4/2016,18103,2,2,,,
6/4/2016,Switzerland,2,,2,,
6/4/2016,11373,2,,2,,
6/4/2016,10016,1,1,,,
6/4/2016,11201,1,1,,,
6/4/2016,10128,2,1,1,,
6/4/2016,11201,8,8,,,
6/4/2016,11201,3,,3,,
6/4/2016,11216,3,3,,,
6/4/2016,60174,3,3,,,
6/4/2016,10469,3,3,,,
6/4/2016,20005,2,2,,,
6/4/2016,11238,1,1,,,
6/4/2016,11214,4,4,,,
6/4/2016,10305,2,2,,,
6/4/2016,11231,2,2,,,
6/4/2016,10029,2,2,,,
6/4/2016,11210,1,1,,,
6/4/2016,11201,2,2,,,
6/4/2016,11372,2,2,,,
6/4/2016,11208,2,2,,,
6/4/2016,11238,3,3,,,
6/4/2016,11214,2,2,,,
6/4/2016,11215,3,3,,,
6/4/2016,11201,4,,4,,
6/4/2016,11374,4,4,,,
6/4/2016,10026,2,2,,,
6/4/2016,19968,3,3,,,
6/4/2016,10010,3,3,,,
6/4/2016,11203,1,1,,,
6/4/2016,11209,4,4,,,
6/4/2016,11238,2,2,,,
6/4/2016,11230,4,4,,,
6/4/2016,66049,5,5,,,
6/4/2016,11372,2,2,,,
6/4/2016,11201,2,,2,,
6/4/2016,11201,2,2,,,
6/4/2016,11201,5,,5,,
6/4/2016,11223,3,3,,,
6/4/2016,11216,5,5,,,
6/4/2016,11201,1,1,,,
6/4/2016,11201,3,,3,,
6/4/2016,10303,3,3,,,
6/4/2016,11223,4,,4,,
6/4/2016,11218,3,3,,,
6/4/2016,11201,4,4,,,
6/5/2016,11201,3,,3,70,
6/5/2016,11201,2,,2,,
6/5/2016,10040,2,2,,,
6/5/2016,11377,2,2,,,
6/5/2016,11201,2,,2,,
6/5/2016,Germany,1,1,,,
6/5/2016,11201,2,,2,,
6/5/2016,11201,5,,5,,
6/5/2016,11201,2,,2,,
6/5/2016,11554,2,2,,,
6/5/2016,11213,2,2,,,
6/5/2016,11201,4,4,,,
6/5/2016,11201,3,3,,,
6/5/2016,11201,2,2,,,
6/5/2016,28205,1,1,,,
6/5/2016,10452,3,3,,,
6/5/2016,11201,6,,6,,
6/5/2016,11201,3,3,,,
6/5/2016,11201,3,,3,,
6/5/2016,11201,4,,4,,
6/5/2016,11201,2,,2,,
6/5/2016,11203,3,3,,,
6/9/2016,11209,4,4,,70,sunny
6/9/2016,11201,3,,3,,
6/9/2016,11201,2,,2,,
6/9/2016,11215,3,,3,,
6/9/2016,11236,2,2,,,
6/9/2016,11201,2,,2,,
6/9/2016,10029,3,3,,,
6/9/2016,11215,8,8,,,
6/9/2016,11201,3,3,,,
6/9/2016,australia,2,2,,,
6/9/2016,11238,3,3,,,
6/9/2016,11201,4,,4,,
6/9/2016,11201,3,2,1,,
6/9/2016,11231,3,3,,,
6/9/2016,11201,2,,2,,
6/9/2016,11201,3,3,,,
6/9/2016,11385,2,2,,,
6/9/2016,11228,5,5,,,
6/9/2016,11201,2,,2,,
6/11/2016,11201,4,2,2,82,Sunny
6/11/2016,11309,4,4,,,
6/11/2016,11220,3,3,,,
6/11/2016,11215,2,2,,,
6/11/2016,89134,1,1,,,
6/11/2016,11215,2,2,,,
6/11/2016,80122,1,1,,,
6/11/2016,11206,2,2,,,
6/11/2016,11213,2,2,,,
6/11/2016,11229,3,0,3,,
6/11/2016,11201,3,0,3,,
6/11/2016,11201,5,,5,,
6/11/2016,0.6877,3,3,,,
6/11/2016,11201,4,4,0,,
6/11/2016,11220,3,0,3,,
6/11/2016,argentina,1,1,,,
6/11/2016,11201,3,,3,,
6/11/2016,11238,2,2,0,,
6/11/2016,32541,2,2,,,
6/11/2016,11385,8,,8,,
6/11/2016,11436,4,4,,,
6/11/2016,11412,2,2,,,
6/11/2016,11201,3,,3,,
6/11/2016,new zealand,2,2,,,
6/11/2016,10021,4,4,,,
6/11/2016,11746,1,,1,,
6/11/2016,11201,1,,1,,
6/11/2016,11223,2,2,,,
6/12/2016,11231,3,3,,,
6/12/2016,11206,3,,3,,
6/12/2016,11249,1,1,,,
6/12/2016,11385,4,4,,79,sunny
6/12/2016,11222,3,,3,,
6/12/2016,11366,4,4,,,
6/12/2016,11109,3,3,,,
6/12/2016,11590,4,4,,,
6/12/2016,10016,2,,2,,
6/12/2016,11226,2,,2,,
6/12/2016,11201,2,,2,,
6/12/2016,11201,2,2,,,
6/12/2016,7405,1,1,,,
6/12/2016,10013,9,9,,,
6/12/2016,10002,4,4,,,
6/12/2016,11238,2,2,,,
6/12/2016,11201,3,3,,,
6/12/2016,11109,1,1,,,
6/12/2016,11228,2,2,,,
6/12/2016,11211,3,3,,,
6/12/2016,11203,3,3,,,
6/12/2016,32811,2,2,,,
6/12/2016,11201,2,,2,,
6/12/2016,11230,6,6,,,
6/12/2016,10027,4,4,,,
6/12/2016,11216,2,,2,,
6/12/2016,10075,4,4,,,
6/12/2016,11211,2,2,,,
6/12/2016,11215,7,7,,,
6/12/2016,11106,4,4,,,
6/12/2016,11201,2,2,,,
6/12/2016,11201,2,2,,,
6/12/2016,11201,3,1,2,,
6/12/2016,11216,3,3,,,
6/12/2016,11201,4,4,,,
6/12/2016,11201,2,2,,,
6/12/2016,11365,3,3,,,
6/12/2016,11201,3,,3,,
6/12/2016,33912,1,1,,,
6/12/2016,11201,3,,3,,
6/12/2016,11217,3,3,,,
6/12/2016,11206,2,,2,,
6/12/2016,29212,1,1,,,
6/12/2016,South Korea,3,3,,,
6/14/2016,11201,3,,3,75,sunny
6/14/2016,11201,3,,3,,
6/14/2016,10520,2,2,,,
6/14/2016,11106,2,2,,,
6/14/2016,11201,2,,2,,
6/14/2016,11201,4,,4,,
6/14/2016,11101,2,1,1,,
6/14/2016,11201,3,,3,,
6/14/2016,11238,2,2,,,
6/14/2016,11201,2,,2,,
6/14/2016,11375,3,3,,,
6/14/2016,11201,2,2,,,
6/14/2016,11201,2,2,,,
6/16/2016,Quebec,3,3,,72,cloudy
6/16/2016,11201,5,5,,,
6/16/2016,97405,5,5,,,
6/16/2016,11201,2,2,,,
6/16/2016,11201,3,,3,,
6/16/2016,90250,2,2,  ,,
6/16/2016,11201,2,,2,,
6/16/2016,11201,2,2,,,
6/16/2016,11201,3,3,,,
6/16/2016,11201,3,,3,,
6/16/2016,11201,3,,3,,
6/16/2016,11201,2,,2,,
6/16/2016,11201,2,,2,,
6/16/2016,11201,5,,5,,
6/18/2016,Netherlands,1,1,,82,Sunny
6/18/2016,11375,2,2,,,
6/18/2016,11201,2,,2,,
6/18/2016,11201,2,1,1,,
6/18/2016,11201,2,,2,,
6/18/2016,11205,4,,,,
6/18/2016,18964,3,,3,,
6/18/2016,11767,2,2,,,
6/18/2016,11742,3,3,,,
6/18/2016,11201,3,,3,,
6/18/2016,10027,3,3,,,
6/18/2016,11214,3,3,,,
6/18/2016,11232,3,3,,,
6/18/2016,11210,2,2,,,
6/18/2016,11213,2,2,,,
6/18/2016,11201,3,3,,,
6/18/2016,95064,2,2,,,
6/18/2016,11218,3,3,,,
6/18/2016,11367,4,4,,,
6/18/2016,11214,4,4,,,
6/18/2016,11207,2,2,,,
6/18/2016,10024,3,3,,,
6/18/2016,19146,2,2,,,
6/18/2016,11201,2,2,,,
6/18/2016,11209,5,4,1,,
6/18/2016,11373,3,3,,,
6/18/2016,11201,1,1,,,
6/18/2016,27832,1,1,,,
6/18/2016,Phillipines,3,3,,,
6/18/2016,28555,2,2,,,
6/18/2016,11418,1,1,,,
6/18/2016,8750,5,,5,,
6/18/2016,10022,4,4,,,
6/18/2016,11201,4,4,,,
6/18/2016,11201,3,,3,,
6/18/2016,11222,4,4,,,
6/18/2016,11238,4,4,,,
6/18/2016,14052,1,1,,,
6/18/2016,10026,1,1,,,
6/18/2016,10001,2,2,,,
6/18/2016,11367,1,1,,,
6/18/2016,11201,2,,2,,
6/18/2016,11235,2,2,,,
6/18/2016,11101,3,3,,,
6/18/2016,11201,2,,2,,
6/18/2016,11201,2,1,1,,
6/18/2016,10027,2,2,,,
6/18/2016,11236,3,3,,,
6/18/2016,33511,7,7,,,
6/18/2016,11221,3,3,,,
6/18/2016,11201,2,,2,,
6/19/2016,11238,2,2,,,
6/19/2016,93289,2,2,,,
6/19/2016,11201,2,2,,,
6/19/2016,60048,4,4,,,
6/19/2016,11201,2,2,,,
6/19/2016,11201,3,3,,,
6/19/2016,11355,2,2,,,
6/19/2016,11201,3,3,,,
6/19/2016,11220,3,3,,,
6/19/2016,11220,3,3,,,
6/19/2016,11238,2,,2,,
6/19/2016,11218,4,4,,,
6/19/2016,Czeck Republic,4,4,,,
6/19/2016,10014,3,3,,,
6/19/2016,10282,4,4,,,
6/19/2016,10201,2,2,,,
6/19/2016,34685,5,5,,,
6/19/2016,7304,4,4,,,
6/19/2016,11218,4,4,,,
6/19/2016,11201,3,3,,,
6/19/2016,11210,4,4,,,
6/19/2016,80212,2,2,,,
6/19/2016,10032,2,2,,,
6/19/2016,11206,2,2,,,
6/19/2016,11234,4,4,,,
6/19/2016,11215,4,4,,,
6/19/2016,11230,6,6,,,
6/19/2016,11232,3,3,,,
6/19/2016,11357,3,3,,,
6/19/2016,11237,3,3,,,
6/19/2016,11435,2,2,,,
6/19/2016,11210,4,,4,,
6/19/2016,11201,2,,2,,
6/19/2016,11201,2,,2,,
6/19/2016,11009,4,4,,,
6/19/2016,89108,1,1,,,
6/19/2016,11201,4,,4,,
6/19/2016,7733,1,1,,,
6/19/2016,11803,2,2,,,
6/19/2016,11231,3,3,,,
6/19/2016,11245,2,2,,,
6/19/2016,11201,3,,3,,
6/19/2016,7307,2,2,,,
6/19/2016,11201,2,2,,,
6/19/2016,11225,3,3,,,
6/21/2016,11377,2,,2,,
6/21/2016,11355,2,2,,,
6/21/2016,11217,2,2,,,
6/21/2016,11201,1,1,,,
6/21/2016,11201,3,,3,,
6/21/2016,11221,2,2,,,
6/21/2016,11201,3,3,,,
6/21/2016,11201,2,,2,,
6/21/2016,11230,2,2,,,
6/21/2016,11201,3,,3,,
6/21/2016,11231,2,2,,,
6/23/2016,11215,2,2,,,
6/23/2016,11201,3,1,2,,
6/23/2016,11201,5,4,1,,
6/23/2016,11201,2,1,1,,
6/23/2016,11201,2,,2,,
6/23/2016,11201,2,2,,,
6/23/2016,11213,2,2,,,
6/23/2016,11210,2,2,,,
6/23/2016,10977,5,5,,,
6/23/2016,93003,2,1,1,,
6/25/2016,11201,4,,4,81,Sunny
6/25/2016,Maine,1,1,,,
6/25/2016,10038,3,2,1,,
6/25/2016,14607,2,2,,,
6/25/2016,11225,2,2,,,
6/25/2016,11217,8,8,,,
6/25/2016,60640,1,1,,,
6/25/2016,11204,3,3,,,
6/25/2016,32725,4,4,,,
6/25/2016,11214,5,5,,,
6/25/2016,11221,4,4,,,
6/25/2016,90026,1,1,,,
6/25/2016,11375,2,2,,,
6/25/2016,54301,1,1,,,
6/25/2016,11201,4,,4,,
6/25/2016,10463,3,3,,,
6/25/2016,22309,1,1,,,
6/25/2016,11205,3,3,,,
6/25/2016,11201,4,4,,,
6/25/2016,11207,4,4,,,
6/25/2016,10010,2,2,,,
6/25/2016,6877,1,1,,,
6/25/2016,11201,3,,3,,
6/25/2016,11201,2,,2,,
6/25/2016,11215,1,1,,,
6/25/2016,11201,2,2,,,
6/25/2016,11213,3,2,1,,
6/26/2016,10002,2,2,,81,Sunny 
6/26/2016,11201,3,,3,,
6/26/2016,11004,2,2,,,
6/26/2016,10023,3,3,,,
6/26/2016,1890,2,2,,,
6/26/2016,1215,1,1,,,
6/26/2016,1890,2,2,,,
6/26/2016,7043,2,2,,,
6/26/2016,11201,2,2,,,
6/26/2016,11219,4,4,,,
6/26/2016,11201,1,1,,,
6/26/2016,Brazil,2,2,,,
6/26/2016,11220,5,,5,,
6/26/2016,11231,6,,6,,
6/26/2016,10002,5,5,,,
6/26/2016,2806,3,3,,,
6/26/2016,11249,4,4,,,
6/26/2016,10013,1,1,,,
6/26/2016,7047,1,1,,,
6/26/2016,10003,4,4,,,
6/26/2016,10032,3,3,,,
6/26/2016,11204,5,5,,,
6/26/2016,11201,4,,4,,
6/26/2016,10013,2,2,,,
6/26/2016,11355,2,2,,,
6/26/2016,2458,3,3,,,
6/26/2016,11201,2,2,,,
6/26/2016,11219,2,2,,,
6/26/2016,11231,2,2,,,
6/26/2016,10022,2,2,,,
6/26/2016,Canada,3,3,,,
6/26/2016,10020,2,,2,,
6/26/2016,10022,4,4,,,
6/26/2016,11205,3,3,,,
6/26/2016,11201,2,,2,,
6/26/2016,11205,2,2,,,
6/26/2016,10013,2,,2,,
6/26/2016,7093,4,4,,,
6/26/2016,11201,2,,2,,
6/26/2016,11218,1,1,,,
6/26/2016,12037,2,2,,,
6/26/2016,11201,2,2,,,
6/26/2016,11249,4,4,,,
6/26/2016,4107,6,6,,,
6/26/2016,10029,5,5,,,
6/26/2016,11201,2,,2,,
6/26/2016,7313,1,1,,,
6/26/2016,10018,2,2,,,
6/26/2016,10017,3,3,,,
6/26/2016,11218,7,7,,,
6/26/2016,11373,3,3,,,
6/26/2016,11741,6,6,,,
6/26/2016,11218,3,3,,,
6/26/2016,11427,1,1,,,
6/26/2016,30013,3,3,,,
6/26/2016,11215,2,2,,,
6/26/2016,11234,6,6,,,
6/26/2016,10031,2,2,,,
6/26/2016,11561,4,4,,,
6/26/2016,11201,2,,2,,
6/26/2016,Australia,2,2,,,
6/26/2016,10461,1,1,,,
6/28/2016,11201,7,7,,77,cloudy 
6/28/2016,11205,2,2,,,
6/28/2016,11205,3,3,,,
6/28/2016,11201,3,2,1,,
6/28/2016,11375,2,2,,,
6/28/2016,11374,2,2,,,
6/28/2016,11201,3,,3,,
6/28/2016,11201,3,,3,,
6/28/2016,11201,2,,2,,
6/28/2016,11201,4,,4,,
6/28/2016,11201,2,,2,,
6/28/2016,79938,2,2,,,
6/28/2016,11201,2,,2,,
6/28/2016,11201,2,,2,,
6/30/2016,11210,3,,3,,
6/30/2016,10013,2,2,,,
6/30/2016,11225,2,2,,,
6/30/2016,11201,5,,5,,
6/30/2016,11221,3,,3,,
6/30/2016,11218,2,2,,,
6/30/2016,11201,2,,2,,
6/30/2016,11201,2,,2,,
6/30/2016,11415,3,3,,,
6/30/2016,11201,2,,2,,
6/30/2016,11040,2,2,,,
6/30/2016,11201,2,,2,,
6/30/2016,11223,4,4,,,
6/30/2016,11225,3,3,,,
6/30/2016,11233,2,2,,,
6/30/2016,11104,2,2,,,
6/30/2016,11435,2,  ,2,,
7/2/2016,10701,4,4,,,
7/2/2016,11746,2,2,,,
7/2/2016,11201,4,,4,,
7/2/2016,11220,2,2,,,
7/2/2016,11754,5,5,,,
7/2/2016,11201,3,3,,,
7/2/2016,11208,2,,2,,
7/2/2016,11209,6,6,,,
7/2/2016,11215,4,4,,,
7/2/2016,11201,2,2,,,
7/2/2016,10031,2,2,,,
7/2/2016,11237,4,4,,,
7/2/2016,11204,2,2,,,
7/2/2016,10002,2,2,,,
7/2/2016,11704,1,1,,,
7/2/2016,10003,1,1,,,
7/2/2016,10543,5,5,,,
7/2/2016,2421,1,1,,,
7/2/2016,11221,2,2,,,
7/2/2016,11214,1,1,,,
7/2/2016,England,4,4,,,
7/2/2016,11228,3,3,,,
7/2/2016,7128,2,2,,,
7/2/2016,11418,2,,2,,
7/2/2016,77006,2,2,,,
7/2/2016,10016,2,2,,,
7/2/2016,11354,1,1,,,
7/2/2016,11204,5,5,,,
7/2/2016,11577,2,2,,,
7/2/2016,10459,5,5,,,
7/2/2016,11238,4,4,,,
7/2/2016,11433,3,3,,,
7/2/2016,11201,2,,2,,
7/2/2016,11214,2,,2,,
7/3/2016,11229,3,3,,81,partly cloudy
7/3/2016,10704,3,3,,81,partly cloudy
7/3/2016,11201,4,,4,81,partly cloudy
7/3/2016,11201,2,2,,81,partly cloudy
7/3/2016,11102,3,3,,81,partly cloudy
7/3/2016,Sweden,2,2,,81,partly cloudy
7/3/2016,11201,3,,3,81,partly cloudy
7/3/2016,11201,3,,3,81,partly cloudy
7/3/2016,11203,6,6,,81,partly cloudy
7/3/2016,11219,4,4,,81,partly cloudy
7/3/2016,11215,3,3,,81,partly cloudy
7/3/2016,10256,6,6,,81,partly cloudy
7/3/2016,11231,2,2,,81,partly cloudy
7/3/2016,11223,4,4,,81,partly cloudy
7/3/2016,11377,2,2,,81,partly cloudy
7/3/2016,11201,3,3,,81,partly cloudy
7/3/2016,11209,4,4,,81,partly cloudy
7/3/2016,11385,3,3,,81,partly cloudy
7/3/2016,11217,4,4,,81,partly cloudy
7/3/2016,11459,2,2,,81,partly cloudy
7/3/2016,11436,5,5,,81,partly cloudy
7/3/2016,11201,4,,4,81,partly cloudy
7/3/2016,11109,4,4,,81,partly cloudy
7/3/2016,11101,2,2,,81,partly cloudy
7/3/2016,2132,6,6,,81,partly cloudy
7/3/2016,10280,4,4,,81,partly cloudy
7/3/2016,11374,2,2,,81,partly cloudy
7/3/2016,8724,1,1,,81,partly cloudy
7/3/2016,7470,1,1,,81,partly cloudy
7/3/2016,7083,1,1,,81,partly cloudy
7/3/2016,11201,6,5,1,81,partly cloudy
7/3/2016,11220,4,4,,81,partly cloudy
7/3/2016,11385,4,4,,81,partly cloudy
7/3/2016,11209,3,3,,81,partly cloudy
7/3/2016,11221,2,2,,81,partly cloudy
7/3/2016,11201,2,2,,81,partly cloudy
7/3/2016,11220,1,1,,81,partly cloudy
7/5/2016,11201,3,,3,87,humid 
7/5/2016,11414,2,2,,87,humid 
7/5/2016,15122,4,4,,87,humid 
7/5/2016,10314,2,2,,87,humid 
7/5/2016,11214,1,1,,87,humid 
7/5/2016,11201,2,,2,87,humid 
7/5/2016,11201,2,,2,87,humid 
7/5/2016,11229,4,4,,87,humid 
7/5/2016,Argentina ,3,3,,87,humid 
7/5/2016,11234,3,3,,87,humid 
7/5/2016,11429,2,2,,87,humid 
7/5/2016,93563,3,3,,87,humid 
7/5/2016,11201,2,,2,87,humid 
7/5/2016,11231,3,3,,87,humid 
7/5/2016,11368,8,8,,87,humid 
7/5/2016,11368,2,2,,87,humid 
7/5/2016,11201,2,,2,87,humid 
7/5/2016,11201,2,2,,87,humid 
7/5/2016,11201,2,,2,87,humid 
7/7/2016,11201,4,,4,90,sunny
7/7/2016,11214,3,3,,90,sunny
7/7/2016,99801,2,2,,90,sunny
7/7/2016,11201,2,,2,90,sunny
7/7/2016,11201,2,2,,90,sunny
7/7/2016,11201,3,3,,90,sunny
7/7/2016,11201,3,3,,90,sunny
7/7/2016,11238,1,,1,90,sunny
7/9/2016,11201,3,,3,73,overcast
7/9/2016,11230,5,,5,73,overcast
7/9/2016,11201,3,,3,73,overcast
7/9/2016,7024,2,2,,73,overcast
7/9/2016,11201,4,,4,73,overcast
7/9/2016,7302,2,2,,73,overcast
7/9/2016,11201,2,,2,73,overcast
7/9/2016,11215,2,2,,73,overcast
7/9/2016,2128,4,4,,73,overcast
7/9/2016,11225,4,4,,73,overcast
7/9/2016,11201,2,1,1,73,overcast
7/9/2016,11223,3,3,,73,overcast
7/9/2016,11375,3,3,,73,overcast
7/9/2016,11231,2,,2,73,overcast
7/9/2016,11201,2,2,,73,overcast
7/9/2016,10305,3,3,,73,overcast
7/9/2016,10019,2,2,,73,overcast
7/9/2016,11201,4,4,,73,overcast
7/9/2016,7024,2,2,,73,overcast
7/9/2016,11215,3,3,,73,overcast
7/9/2016,10701,2,2,,73,overcast
7/9/2016,11235,2,2,,73,overcast
7/9/2016,11731,5,5,,73,overcast
7/9/2016,7302,2,2,,73,overcast
7/9/2016,10023,2,2,,73,overcast
7/9/2016,11217,2,2,,73,overcast
7/9/2016,11201,4,,4,73,overcast
7/10/2016,11201,2,,2,81,Cloudy
7/10/2016,11201,3,3,,81,Cloudy
7/10/2016,10002,3,3,,81,Cloudy
7/10/2016,10019,3,3,,81,Cloudy
7/10/2016,11369,3,3,,81,Cloudy
7/10/2016,30294,2,2,,81,Cloudy
7/10/2016,10002,2,2,,81,Cloudy
7/10/2016,11201,3,3,,81,Cloudy
7/10/2016,11219,4,4,,81,Cloudy
7/10/2016,11215,3,3,,81,Cloudy
7/10/2016,11217,4,,4,81,Cloudy
7/10/2016,11231,2,2,,81,Cloudy
7/10/2016,Argentina,5,5,,81,Cloudy
7/10/2016,11215,3,3,,81,Cloudy
7/10/2016,11418,4,4,,81,Cloudy
7/10/2016,Hong Kong,2,2,,81,Cloudy
7/10/2016,11201,3,3,,81,Cloudy
7/10/2016,10013,2,2,,81,Cloudy
7/10/2016,11238,1,1,,81,Cloudy
7/10/2016,8859,1,1,,81,Cloudy
7/10/2016,11598,2,2,,81,Cloudy
7/10/2016,Taiwan,2,2,,81,Cloudy
7/10/2016,60143,3,3,,81,Cloudy
7/10/2016,11222,4,4,,81,Cloudy
7/10/2016,11223,2,2,,81,Cloudy
7/10/2016,7642,1,1,,81,Cloudy
7/10/2016,Germany,1,1,,81,Cloudy
7/10/2016,11201,4,,4,81,Cloudy
7/10/2016,33156,2,2,,81,Cloudy
7/10/2016,11201,2,,2,81,Cloudy
7/10/2016,11201,2,2,,81,Cloudy
7/10/2016,11725,5,5,,81,Cloudy
7/10/2016,10307,2,2,,81,Cloudy
7/10/2016,11206,4,4,,81,Cloudy
7/10/2016,10009,4,4,,81,Cloudy
7/10/2016,11214,2,2,,81,Cloudy
7/10/2016,Guatamela,1,1,,81,Cloudy
7/10/2016,Mexico,1,1,,81,Cloudy
7/10/2016,11201,4,4,,81,Cloudy
7/10/2016,91730,2,2,,81,Cloudy
7/10/2016,11204,5,5,,81,Cloudy
7/10/2016,8560,2,2,,81,Cloudy
7/10/2016,11215,2,2,,81,Cloudy
7/10/2016,6470,4,4,,81,Cloudy
7/10/2016,94114,2,2,,81,Cloudy
7/10/2016,23455,2,2,,81,Cloudy
7/10/2016,11233,5,5,,81,Cloudy
7/10/2016,11204,3,3,,81,Cloudy
7/10/2016,2461,2,2,,81,Cloudy
7/12/2016,11201,6,6,,83,sunny 
7/12/2016,11213,4,4,,83,sunny 
7/12/2016,11201,1,1,,83,sunny 
7/12/2016,11201,3,,3,83,sunny 
7/12/2016,10037,2,2,,83,sunny 
7/12/2016,11209,2,2,,83,sunny 
7/12/2016,11206,2,2,,83,sunny 
7/12/2016,Turkey,1,1,,83,sunny 
7/12/2016,11214,3,2,1,83,sunny 
7/12/2016,10026,2,2,,83,sunny 
7/12/2016,10069,1,1,,83,sunny 
7/12/2016,11229,4,4,,83,sunny 
7/12/2016,11201,4,,4,83,sunny 
7/12/2016,11201,3,,3,83,sunny 
7/12/2016,11212,2,2,,83,sunny 
7/12/2016,11223,2,2,,83,sunny 
7/14/2016,11205,3,3,,83,sunny 
7/14/2016,11223,2,2,,83,sunny 
7/14/2016,11201,2,2,,83,sunny 
7/14/2016,6412,2,2,,83,sunny 
7/14/2016,11373,1,1,,83,sunny 
7/14/2016,South Korea ,4,4,,83,sunny 
7/14/2016,11103,2,2,,83,sunny 
7/16/2016,7081,4,4,,90,sunny/rain
7/16/2016,95662,5,5,,90,sunny/rain
7/16/2016,11201,5,2,3,90,sunny/rain
7/16/2016,8904,3,3,,90,sunny/rain
7/16/2016,11222,3,3,,90,sunny/rain
7/16/2016,95472,5,5,,90,sunny/rain
7/16/2016,11206,2,2,,90,sunny/rain
7/16/2016,11221,2,2,,90,sunny/rain
7/16/2016,11201,2,2,,90,sunny/rain
7/16/2016,10002,4,4,,90,sunny/rain
7/16/2016,11356,4,4,,90,sunny/rain
7/16/2016,11201,4,,4,90,sunny/rain
7/16/2016,11217,3,,3,90,sunny/rain
7/16/2016,11204,4,4,,90,sunny/rain
7/16/2016,11201,3,3,,90,sunny/rain
7/16/2016,10022,6,6,,90,sunny/rain
7/16/2016,11213,1,1,,90,sunny/rain
7/16/2016,11201,2,,2,90,sunny/rain
7/16/2016,2139,2,2,,90,sunny/rain
7/16/2016,11226,4,4,,90,sunny/rain
7/16/2016,11372,2,2,,90,sunny/rain
7/16/2016,11226,2,2,,90,sunny/rain
7/16/2016,75234,3,3,,90,sunny/rain
7/16/2016,10025,4,4,,90,sunny/rain
7/16/2016,11201,8,1,7,90,sunny/rain
7/16/2016,11358,2,2,,90,sunny/rain
7/16/2016,10468,1,1,,90,sunny/rain
7/16/2016,10562,2,2,,90,sunny/rain
7/16/2016,11237,5,4,1,90,sunny/rain
7/16/2016,10012,2,2,,90,sunny/rain
7/16/2016,11206,2,2,,90,sunny/rain
7/16/2016,11238,3,2,1,90,sunny/rain
7/16/2016,11217,3,3,,90,sunny/rain
7/17/2016,91355,3,3,,90,sunny
7/17/2016,11222,2,2,,90,sunny
7/17/2016,11222,2,2,,90,sunny
7/17/2016,94118,2,2,,90,sunny
7/17/2016,11435,1,2,,90,sunny
7/17/2016,11201,2,,2,90,sunny
7/17/2016,6604,3,3,,90,sunny
7/17/2016,11418,4,4,,90,sunny
7/17/2016,10460,4,4,,90,sunny
7/17/2016,11377,3,3,,90,sunny
7/17/2016,10128,2,2,,90,sunny
7/17/2016,10075,2,2,,90,sunny
7/17/2016,7901,1,1,,90,sunny
7/17/2016,10465,2,2,,90,sunny
7/17/2016,11040,5,5,,90,sunny
7/17/2016,11103,3,,3,90,sunny
7/17/2016,11221,2,2,,90,sunny
7/17/2016,11804,2,2,,90,sunny
7/17/2016,11024,4,4,,90,sunny
7/17/2016,10742,4,4,,90,sunny
7/17/2016,75020,3,3,,90,sunny
7/17/2016,11226,1,1,,90,sunny
7/17/2016,11378,5,5,,90,sunny
7/17/2016,11221,3,3,,90,sunny
7/17/2016,11201,3,3,,90,sunny
7/17/2016,520,4,4,,90,sunny
7/17/2016,11234,6,6,,90,sunny
7/19/2016,11201,3,,3,90,sunny
7/19/2016,7047,5,5,,90,sunny
7/19/2016,11225,3,3,,90,sunny
7/19/2016,11205,2,2,,90,sunny
7/19/2016,11201,3,3,,90,sunny
7/19/2016,33137,3,3,,90,sunny
7/19/2016,10453,3,3,,90,sunny
7/19/2016,11223,3,3,,90,sunny
7/19/2016,11201,2,,2,90,sunny
7/19/2016,11208,4,4,,90,sunny
7/19/2016,11201,3,,3,90,sunny
7/19/2016,11205,2,2,,90,sunny
7/19/2016,11201,2,1,1,90,sunny
7/21/2016,11204,4,,4,90,sunny
7/21/2016,10025,2,2,,90,sunny
7/21/2016,10004,3,3,,90,sunny
7/21/2016,taiwan,1,1,,90,sunny
7/21/2016,11201,2,,2,90,sunny
7/21/2016,11201,4,4,,90,sunny
7/21/2016,11236,1,1,,90,sunny
7/21/2016,11201,6,,6,90,sunny
7/21/2016,11201,2,,2,90,sunny
7/21/2016,columbia,4,4,,90,sunny
7/21/2016,11212,3,3,,90,sunny
7/21/2016,11201,3,,3,90,sunny
7/21/2016,10550,2,2,,90,sunny
7/23/2016,91401,8,8,,93,sunny/hot
7/23/2016,11209,3,3,,93,sunny/hot
7/23/2016,7627,4,4,,93,sunny/hot
7/23/2016,11201,5,,5,93,sunny/hot
7/23/2016,10009,3,3,,93,sunny/hot
7/23/2016,10075,2,2,,93,sunny/hot
7/23/2016,11201,5,,5,93,sunny/hot
7/23/2016,29579,5,5,,93,sunny/hot
7/23/2016,11208,4,4,,93,sunny/hot
7/23/2016,8540,3,3,,93,sunny/hot
7/23/2016,11201,1,1,,93,sunny/hot
7/23/2016,11201,4,,4,93,sunny/hot
7/23/2016,10011,2,2,,93,sunny/hot
7/23/2016,10018,1,1,,93,sunny/hot
7/23/2016,11101,1,1,,93,sunny/hot
7/23/2016,20132,2,2,,93,sunny/hot
7/24/2016,10001,2,2,,90,sunny/hot
7/24/2016,11234,2,,2,90,sunny/hot
7/24/2016,11201,3,,3,90,sunny/hot
7/24/2016,11221,2,2,,90,sunny/hot
7/24/2016,11516,5,5,,90,sunny/hot
7/24/2016,10027,3,3,,90,sunny/hot
7/24/2016,11230,2,2,,90,sunny/hot
7/24/2016,11206,4,4,,90,sunny/hot
7/24/2016,7060,4,4,,90,sunny/hot
7/24/2016,Taiwan,2,2,,90,sunny/hot
7/24/2016,11201,3,3,,90,sunny/hot
7/24/2016,Korea,5,5,,90,sunny/hot
7/24/2016,10002,4,4,,90,sunny/hot
7/24/2016,11106,4,,4,90,sunny/hot
7/24/2016,11106,2,,2,90,sunny/hot
7/24/2016,11377,1,,1,90,sunny/hot
7/24/2016,11201,3,3,,90,sunny/hot
7/24/2016,Italy,2,2,,90,sunny/hot
7/24/2016,11238,5,,5,90,sunny/hot
7/24/2016,11201,4,,4,90,sunny/hot
7/24/2016,11216,3,3,,90,sunny/hot
7/24/2016,30092,4,4,,90,sunny/hot
7/24/2016,10028,3,3,,90,sunny/hot
7/26/2016,11201,3,1,2,95,hot 
7/26/2016,11225,3,3,,95,hot 
7/26/2016,11201,1,1,,95,hot 
7/26/2016,11201,3,,3,95,hot 
7/26/2016,11233,3,3,,95,hot 
7/26/2016,10455,3,3,,95,hot 
7/26/2016,11215,3,3,,95,hot 
7/26/2016,11741,3,3,,95,hot 
7/28/2016,11201,3,,3,95,hot 
7/28/2016,11233,2,2,,95,hot 
7/28/2016,11201,2,,2,95,hot 
7/28/2016,11201,4,,4,95,hot 
7/28/2016,11373,7,4,3,95,hot 
7/28/2016,11228,2,2,,95,hot 
7/28/2016,11200,2,2,,95,hot 
7/28/2016,11201,3,,3,95,hot 
7/28/2016,11201,3,,3,95,hot 
7/28/2016,34803,3,3,,95,hot 
7/28/2016,11201,2,2,,95,hot 
7/28/2016,11231,6,6,,95,hot 
7/28/2016,11716,1,1,,95,hot 
7/28/2016,Korea,2,2,,95,hot 
7/28/2016,11201,2,,2,95,hot 
7/28/2016,10011,1,1,,95,hot 
7/28/2016,11232,3,3,,95,hot 
7/28/2016,11206,2,2,,95,hot 
7/30/2016,11201,3,,3,80,sunny/rain
7/30/2016,11235,3,3,,80,sunny/rain
7/30/2016,23185,2,2,,80,sunny/rain
7/30/2016,10029,2,2,,80,sunny/rain
7/30/2016,10520,4,4,,80,sunny/rain
7/30/2016,11212,3,3,,80,sunny/rain
7/30/2016,Poland,9,9,,80,sunny/rain
7/30/2016,90033,1,1,,80,sunny/rain
7/30/2016,11201,2,2,,80,sunny/rain
7/30/2016,10606,2,2,,80,sunny/rain
7/30/2016,11208,3,3,,80,sunny/rain
7/30/2016,10803,2,2,,80,sunny/rain
7/30/2016,11372,3,3,,80,sunny/rain
7/30/2016,11378,2,2,,80,sunny/rain
7/30/2016,11106,3,3,,80,sunny/rain
7/30/2016,11372,2,2,,80,sunny/rain
7/30/2016,11428,4,4,,80,sunny/rain
7/30/2016,11212,1,1,,80,sunny/rain
7/30/2016,11201,4,4,,80,sunny/rain
7/30/2016,51125,1,1,,80,sunny/rain
7/30/2016,11210,4,4,,80,sunny/rain
7/30/2016,11201,4,,4,80,sunny/rain
7/30/2016,10031,3,3,,80,sunny/rain
7/30/2016,11201,2,2,,80,sunny/rain
7/30/2016,11201,2,,2,80,sunny/rain
7/30/2016,10022,2,2,,80,sunny/rain
7/30/2016,11201,3,3,,80,sunny/rain
7/30/2016,10022,2,2,,80,sunny/rain
7/31/2016,Japan,5,5,,76,rainy/cloudy
7/31/2016,11366,4,4,,76,rainy/cloudy
7/31/2016,11205,4,4,,76,rainy/cloudy
7/31/2016,10020,3,3,,76,rainy/cloudy
7/31/2016,11201,2,2,,76,rainy/cloudy
7/31/2016,10004,3,3,,76,rainy/cloudy
7/31/2016,11213,10,10,,76,rainy/cloudy
7/31/2016,11229,3,,3,76,rainy/cloudy
7/31/2016,11201,3,,3,76,rainy/cloudy
7/31/2016,11201,2,,2,76,rainy/cloudy
7/31/2016,10029,4,4,,76,rainy/cloudy
7/31/2016,11207,2,2,,76,rainy/cloudy
7/31/2016,11201,3,,3,76,rainy/cloudy
7/31/2016,11210,4,4,,76,rainy/cloudy
7/31/2016,11201,4,4,,76,rainy/cloudy
7/31/2016,11238,3,3,,76,rainy/cloudy
7/31/2016,10022,4,4,,76,rainy/cloudy
7/31/2016,11201,2,2,,76,rainy/cloudy
7/31/2016,11235,3,3,,76,rainy/cloudy
7/31/2016,11201,2,2,,76,rainy/cloudy
7/31/2016,11201,3,,3,76,rainy/cloudy
7/31/2016,11201,3,,3,76,rainy/cloudy
7/31/2016,11201,4,,4,76,rainy/cloudy
7/31/2016,11205,2,2,,76,rainy/cloudy
7/31/2016,11201,2,2,,76,rainy/cloudy
7/31/2016,11201,2,,2,76,rainy/cloudy
7/31/2016,11219,1,1,,76,rainy/cloudy
7/31/2016,11355,1,1,,76,rainy/cloudy
8/2/2016,11427,3,3,,78,overcast
8/2/2016,11378,3,3,,78,overcast
8/2/2016,11201,3,,3,78,overcast
8/2/2016,11201,3,,3,78,overcast
8/2/2016,11374,2,2,,78,overcast
8/2/2016,11175,3,3,,78,overcast
8/2/2016,11201,3,,3,78,overcast
8/2/2016,11233,3,3,,78,overcast
8/2/2016,11201,3,,3,78,overcast
8/2/2016,10473,3,3,,78,overcast
8/2/2016,11201,2,2,,78,overcast
8/2/2016,11201,3,,3,78,overcast
8/2/2016,11201,3,3,,78,overcast
8/2/2016,11201,2,2,,78,overcast
8/2/2016,Argentina ,2,2,,78,overcast
8/2/2016,11215,5,5,,78,overcast
8/2/2016,11201,3,3,,78,overcast
8/2/2016,11201,3,,3,78,overcast
8/2/2016,Canada ,3,3,,78,overcast
8/2/2016,11201,3,2,1,78,overcast
8/2/2016,11211,3,,3,78,overcast
8/2/2016,10038,2,2,,78,overcast
8/2/2016,11231,2,2,,78,overcast
8/2/2016,11216,6,,6,78,overcast
8/2/2016,11691,2,2,,78,overcast
8/2/2016,11215,2,2,,78,overcast
8/2/2016,11201,2,,2,78,overcast
8/4/2016,10468,3,3,,78,overcast
8/4/2016,11105,2,2,,78,overcast
8/4/2016,111201,3,3,,78,overcast
8/4/2016,australia,2,2,,78,overcast
8/4/2016,11201,2,,2,78,overcast
8/4/2016,manhattan,2,,2,78,overcast
8/4/2016,10305,6,6,,78,overcast
8/4/2016,11228,2,2, ,78,overcast
8/4/2016,46808,2,2,,78,overcast
8/4/2016,11201,2,2,,78,overcast
8/4/2016,north carolina,2,2,,78,overcast
8/4/2016,11201,2,2,,78,overcast
8/4/2016,"qns, manh",2,2,,78,overcast
8/4/2016,11201,2,,2,78,overcast
8/4/2016,11201,4,4,,78,overcast
8/4/2016,11432,4,4,,78,overcast
8/4/2016,11213,2,2,,78,overcast
8/6/2016,11201,2,,2,84,Cloudy
8/6/2016,11201,2,2,,84,Cloudy
8/6/2016,10036,3,3,,84,Cloudy
8/6/2016,20912,1,1,,84,Cloudy
8/6/2016,11420,2,2,,84,Cloudy
8/6/2016,Australia,2,2,,84,Cloudy
8/6/2016,11201,3,,3,84,Cloudy
8/6/2016,17050,5,5,,84,Cloudy
8/6/2016,10002,7,7,,84,Cloudy
8/6/2016,10033,3,3,,84,Cloudy
8/6/2016,10021,1,1,,84,Cloudy
8/6/2016,7920,2,2,,84,Cloudy
8/6/2016,10019,1,1,,84,Cloudy
8/6/2016,19010,2,2,,84,Cloudy
8/6/2016,11751,2,2,,84,Cloudy
8/6/2016,11201,7,7,,84,Cloudy
8/6/2016,11206,3,3,,84,Cloudy
8/6/2016,52776,2,2,,84,Cloudy
8/6/2016,7601,7,3,4,84,Cloudy
8/6/2016,11201,2,2,,84,Cloudy
8/6/2016,11238,,,,84,Cloudy
8/6/2016,2492,3,,3,84,Cloudy
8/6/2016,11201,4,3,1,84,Cloudy
8/6/2016,11375,2,,2,84,Cloudy
8/6/2016,11201,1,1,,84,Cloudy
8/6/2016,11209,2,,2,84,Cloudy
8/6/2016,11201,2,2,,84,Cloudy
8/7/2016,11204,2,,2,90,Sunny
8/7/2016,11201,4,4,,90,Sunny
8/7/2016,11201,2,,2,90,Sunny
8/7/2016,67230,1,1,,90,Sunny
8/7/2016,11201,1,1,,90,Sunny
8/7/2016,11201,4,4,,90,Sunny
8/7/2016,1360,2,2,,90,Sunny
8/7/2016,10002,4,,4,90,Sunny
8/7/2016,11212,2,2,,90,Sunny
8/7/2016,11201,4,,4,90,Sunny
8/7/2016,11201,2,,2,90,Sunny
8/7/2016,11424,3,3,,90,Sunny
8/7/2016,11205,6,6,,90,Sunny
8/7/2016,11003,2,2,,90,Sunny
8/7/2016,10514,2,2,,90,Sunny
8/7/2016,21209,2,2,,90,Sunny
8/7/2016,11201,3,3,,90,Sunny
8/7/2016,11201,5,5,,90,Sunny
8/7/2016,21042,1,1,,90,Sunny
8/7/2016,13066,1,1,,90,Sunny
8/7/2016,11378,2,2,,90,Sunny
8/7/2016,11201,3,,3,90,Sunny
8/7/2016,11421,2,2,,90,Sunny
8/7/2016,11201,3,3,,90,Sunny
8/7/2016,11204,2,2,,90,Sunny
8/7/2016,11754,6,6,,90,Sunny
8/7/2016,11201,4,,4,90,Sunny
8/7/2016,11377,1,1,,90,Sunny
8/7/2016,11355,2,2,,90,Sunny
8/7/2016,11203,3,,3,90,Sunny
8/7/2016,Colombia,3,3,,90,Sunny
8/7/2016,10028,2,2,,90,Sunny
8/7/2016,Spain,2,2,,90,Sunny
8/7/2016,11201,3,,3,90,Sunny
8/7/2016,15136,4,4,,90,Sunny
8/7/2016,11234,2,2,,90,Sunny
8/7/2016,6851,3,3,,90,Sunny
8/7/2016,10162,5,,5,90,Sunny
8/7/2016,,105,73,32,90,Sunny
8/9/2016,11201,2,2,,90,Sunny
8/9/2016,11201,4,4,,90,Sunny
8/9/2016,11231,2,2,,90,Sunny
8/9/2016,11201,2,2,,90,Sunny
8/9/2016,90405,3,3,,90,Sunny
8/9/2016,11238,4,4,,90,Sunny
8/9/2016,11221,2,2,,90,Sunny
8/9/2016,11201,2,,2,90,Sunny
8/9/2016,11213,2,2,,90,Sunny
8/9/2016,11218,2,2,,90,Sunny
8/9/2016,10305,3,3,,90,Sunny
8/9/2016,11201,3,,3,90,Sunny
8/9/2016,11201,2,,2,90,Sunny
8/9/2016,11231,3,2,1,90,Sunny
8/9/2016,11249,3,3,,90,Sunny
8/9/2016,11201,2,1,1,90,Sunny
8/9/2016,97323,4,4,,90,Sunny
8/9/2016,10461,3,3,,90,Sunny
8/9/2016,,48,36,9,90,Sunny
8/11/2016,33446,5,5,,91,Sunny
8/11/2016,11201,2,,2,91,Sunny
8/11/2016,11201,2,2,,91,Sunny
8/11/2016,11201,2,,2,91,Sunny
8/11/2016,11223,2,2,,91,Sunny
8/11/2016,11205,2,2,,91,Sunny
8/13/2016,10031,3,3,,91,Sunny
8/13/2016,11205,5,2,3,91,Sunny
8/13/2016,46714,2,2,,91,Sunny
8/13/2016,10014,2,2,,91,Sunny
8/13/2016,39180,1,1,,91,Sunny
8/13/2016,23606,2,2,,91,Sunny
8/13/2016,11233,2,2,,91,Sunny
8/13/2016,Australia,2,2,,91,Sunny
8/13/2016,Switzerland,3,3,,91,Sunny
8/13/2016,Germany,4,4,,91,Sunny
8/13/2016,11201,2,2,,91,Sunny
8/13/2016,11201,3,3,,91,Sunny
8/13/2016,10023,4,,4,91,Sunny
8/13/2016,11203,3,3,,91,Sunny
8/13/2016,11211,4,4,,91,Sunny
8/13/2016,21224,3,3,,91,Sunny
8/13/2016,10550,2,2,,91,Sunny
8/13/2016,11201,2,,2,91,Sunny
8/13/2016,11201,2,,2,91,Sunny
8/13/2016,7017,1,1,,91,Sunny
8/13/2016,11215,4,4,,91,Sunny
8/13/2016,28348,4,4,,91,Sunny
8/13/2016,14701,3,3,,91,Sunny
8/14/2016,11231,6,6,,95,Sunny
8/14/2016,11218,4,4,,95,Sunny
8/14/2016,11209,2,2,,95,Sunny
8/14/2016,11214,2,2,,95,Sunny
8/14/2016,11206,1,1,,95,Sunny
8/14/2016,11416,3,,3,95,Sunny
8/14/2016,11201,4,4,,95,Sunny
8/14/2016,Brazil,6,6,,95,Sunny
8/14/2016,11201,6,,6,95,Sunny
8/14/2016,11201,6,4,2,95,Sunny
8/14/2016,Australia,2,2,,95,Sunny
8/14/2016,11205,3,3,,95,Sunny
8/14/2016,11201,2,,2,95,Sunny
8/14/2016,11360,4,4,,95,Sunny
8/14/2016,10550,3,,3,95,Sunny
8/14/2016,11215,3,3,,95,Sunny
8/14/2016,10390,2,2,,95,Sunny
8/14/2016,11231,4,,4,95,Sunny
8/16/2016,11229,4,4,,88,hot 
8/16/2016,11201,2,,2,88,hot 
8/16/2016,11201,3,3,,88,hot 
8/16/2016,11201,2,,2,88,hot 
8/16/2016,11434,2,2,,88,hot 
8/16/2016,11214,3,3,,88,hot 
8/16/2016,11222,2,2,,88,hot 
8/16/2016,Chile ,3,3,,88,hot 
8/16/2016,11201,3,3,,88,hot 
8/16/2016,11228,3,,3,88,hot 
8/16/2016,11201,2,2,,88,hot 
8/16/2016,11236,4,4,,88,hot 
8/16/2016,11201,3,,3,88,hot 
8/16/2016,11238,4,4,,88,hot 
8/16/2016,11231,2,,2,88,hot 
8/16/2016,11201,2,,2,88,hot 
8/16/2016,11201,2,,2,88,hot 
8/16/2016,Venezula ,6,6,,88,hot 
8/16/2016,11377,2,,2,88,hot 
8/16/2016,11201,6,,6,88,hot 
8/18/2016,14534,5,5,,88,hot 
8/18/2016,11201,3,,3,88,hot 
8/18/2016,11201,2,,2,88,hot 
8/18/2016,Australia,2,2,,88,hot 
8/18/2016,11201,2,,2,88,hot 
8/18/2016,11201,4,,4,88,hot 
8/18/2016,11201,2,,2,88,hot 
8/18/2016,11201,4,4,,88,hot 
8/18/2016,11201,2,,2,88,hot 
8/18/2016,11201,2,,2,88,hot 
8/18/2016,11201,5,5,,88,hot 
8/18/2016,11201,2,,2,88,hot 
8/18/2016,11201,2,,2,88,hot 
8/18/2016,11201,2,,2,88,hot 
8/18/2016,11216,8,,8,88,hot 
8/18/2016,11210,2,2,,88,hot 
8/18/2016,11201,3,,3,88,hot 
8/18/2016,11201,3,,3,88,hot 
8/20/2016,11201,3,1,2,80,Cloudy/rainy
8/20/2016,Hungary,4,,4,80,Cloudy/rainy
8/20/2016,11201,4,,4,80,Cloudy/rainy
8/20/2016,8534,5,,5,80,Cloudy/rainy
8/20/2016,10128,4,4,,80,Cloudy/rainy
8/20/2016,11236,3,3,,80,Cloudy/rainy
8/20/2016,11377,2,2,,80,Cloudy/rainy
8/20/2016,11228,2,2,,80,Cloudy/rainy
8/20/2016,7001,2,2,,80,Cloudy/rainy
8/20/2016,11223,3,3,,80,Cloudy/rainy
8/20/2016,11201,4,4,,80,Cloudy/rainy
8/20/2016,11235,2,2,,80,Cloudy/rainy
8/20/2016,Brazil,2,2,,80,Cloudy/rainy
8/20/2016,11209,2,2,,80,Cloudy/rainy
8/20/2016,10463,3,3,,80,Cloudy/rainy
8/20/2016,10004,5,,5,80,Cloudy/rainy
8/20/2016,11215,3,3,,80,Cloudy/rainy
8/20/2016,11201,3,,3,80,Cloudy/rainy
8/20/2016,11226,3,3,,80,Cloudy/rainy
8/20/2016,11201,2,,2,80,Cloudy/rainy
8/20/2016,11211,4,4,,80,Cloudy/rainy
8/20/2016,11201,3,,3,80,Cloudy/rainy
8/20/2016,11235,1,1,,80,Cloudy/rainy
8/20/2016,11201,1,1,,80,Cloudy/rainy
8/20/2016,England,1,1,,80,Cloudy/rainy
8/20/2016,11209,4,4,,80,Cloudy/rainy
8/20/2016,11374,4,4,,80,Cloudy/rainy
8/20/2016,11201,2,,2,80,Cloudy/rainy
8/20/2016,11201,3,3,,80,Cloudy/rainy
8/20/2016,11238,2,2,,80,Cloudy/rainy
8/21/2016,11201,5,,5,88,Sunny
8/21/2016,11201,2,,2,88,Sunny
8/21/2016,11201,3,,3,88,Sunny
8/21/2016,11217,1,1,,88,Sunny
8/21/2016,11238,4,,4,88,Sunny
8/21/2016,11214,3,3,,88,Sunny
8/21/2016,UK,2,2,,88,Sunny
8/21/2016,11205,2,2,,88,Sunny
8/21/2016,Italy,3,3,,88,Sunny
8/21/2016,11216,3,2,1,88,Sunny
8/21/2016,11229,2,2,,88,Sunny
8/21/2016,7627,2,2,,88,Sunny
8/21/2016,11233,2,2,,88,Sunny
8/21/2016,11375,3,1,2,88,Sunny
8/21/2016,11201,3,,3,88,Sunny
8/21/2016,11249,2,2,,88,Sunny
8/21/2016,11201,3,3,,88,Sunny
8/21/2016,11755,4,4,,88,Sunny
8/21/2016,11201,2,2,,88,Sunny
8/21/2016,Albania,4,4,,88,Sunny
8/21/2016,10024,2,2,,88,Sunny
8/21/2016,12602,2,2,,88,Sunny
8/21/2016,11214,7,7,,88,Sunny
8/21/2016,7070,5,5,,88,Sunny
8/21/2016,11103,2,2,,88,Sunny
8/21/2016,South Korea ,2,2,,88,Sunny
8/21/2016,28314,3,3,,88,Sunny
8/21/2016,11211,9,9,,88,Sunny
8/21/2016,11235,1,1,,88,Sunny
8/21/2016,11215,2,2,,88,Sunny
8/21/2016,11201,2,2,,88,Sunny
8/21/2016,12203,2,2,,88,Sunny
8/21/2016,11764,3,3,,88,Sunny
8/21/2016,92218,4,4,,88,Sunny
8/21/2016,11201,2,1,1,88,Sunny
8/21/2016,10025,1,1,,88,Sunny
8/21/2016,11201,1,1,,88,Sunny
8/21/2016,11213,5,5,,88,Sunny
8/21/2016,11201,3,,3,88,Sunny
8/23/2016,10468,2,2,,88,Sunny
8/23/2016,6405,3,3,,88,Sunny
8/23/2016,11201,3,3,,88,Sunny
8/23/2016,10454,3,3,,88,Sunny
8/23/2016,11201,2,2,,88,Sunny
8/23/2016,07932/11201,4,1,3,88,Sunny
8/23/2016,11201,4,,4,88,Sunny
8/23/2016,11201,2,,2,88,Sunny
8/23/2016,England,3,3,,88,Sunny
8/23/2016,10002,3,3,,88,Sunny
8/23/2016,11238,3,3,,88,Sunny
8/23/2016,11201,2,,2,88,Sunny
8/23/2016,11201,2,,2,88,Sunny
8/23/2016,11201,3,,3,88,Sunny
8/23/2016,11233,4,4,,88,Sunny
8/23/2016,11201,2,,2,88,Sunny
8/23/2016,11201,3,,3,88,Sunny
8/23/2016,11230,4,4,,84,sunny
8/25/2016,11226,5,5,,84,sunny
8/25/2016,10453,3,3,,84,sunny
8/25/2016,11385,3,3,,84,sunny
8/25/2016,11385,6,6,,84,sunny
8/25/2016,11201,2,2,,84,sunny
8/25/2016,11201,3,3,,84,sunny
8/25/2016,Toronto,5,5,,84,sunny
8/25/2016,11215,3,3,,84,sunny
8/25/2016,11201,2,,2,84,sunny
8/25/2016,11219,1,1,,84,sunny
8/25/2016,11201,3,,3,84,sunny
8/25/2016,11201,3,,3,84,sunny
8/25/2016,10002,2,2,,84,sunny
8/25/2016,11201,2,1,1,84,sunny
8/25/2016,10002,4,4,,84,sunny
8/25/2016,11233,2,2,,84,sunny
8/25/2016,11201,2,2,,84,sunny
8/25/2016,*07960,1,1,,84,sunny
8/25/2016,*07073,1,1,,84,sunny
8/25/2016,10451,3,3,,84,sunny
8/25/2016,11201,6,,6,84,sunny
8/25/2016,11201,2,1,1,84,sunny
8/25/2016,11251,2,2,,84,sunny
8/27/2016,11201,2,2,,84,sunny
8/27/2016,11201,2,,2,84,sunny
8/27/2016,10014,2,,2,84,sunny
8/27/2016,94536,1,1,,84,sunny
8/27/2016,11201,3,,3,84,sunny
8/27/2016,30022,1,1,,84,sunny
8/27/2016,11385,2,2,,84,sunny
8/27/2016,10461,3,3,,84,sunny
8/27/2016,11218,4,,4,84,sunny
8/27/2016,11209,6,6,,84,sunny
8/27/2016,11201,2,,2,84,sunny
8/27/2016,11201,3,,3,84,sunny
8/27/2016,11201,2,,2,84,sunny
8/27/2016,10039,2,2,,84,sunny
8/27/2016,11235,2,,2,84,sunny
8/27/2016,11201,2,,2,84,sunny
8/27/2016,11375,5,,5,84,sunny
8/27/2016,11215,3,,3,84,sunny
8/27/2016,11201,3,,3,84,sunny
8/27/2016,11590,4,4,,84,sunny
8/27/2016,11201,2,,2,84,sunny
8/27/2016,11590,2,2,,84,sunny
8/27/2016,11201,4,,4,84,sunny
8/27/2016,11201,2,1,1,84,sunny
8/27/2016,Germany,3,3,,84,sunny
8/27/2016,10025,,,,84,sunny
8/27/2016,10006,1,1,,84,sunny
8/27/2016,10003,1,1,,84,sunny
8/27/2016,11201,2,,2,84,sunny
8/27/2016,11201,2,,2,84,sunny
8/27/2016,,73,29,44,84,sunny
8/28/2016,Canada,3,3,,85,sunny
8/28/2016,11201,5,,5,85,sunny
8/28/2016,10452,3,3,,85,sunny
8/28/2016,10027,1,1,,85,sunny
8/28/2016,11211,3,,3,85,sunny
8/28/2016,10456,5,5,,85,sunny
8/28/2016,11209,3,,3,85,sunny
8/28/2016,11201,2,,2,85,sunny
8/28/2016,11223,5,5,,85,sunny
8/28/2016,11201,2,,2,85,sunny
8/28/2016,10003,4,4,,85,sunny
8/28/2016,11373,3,3,,85,sunny
8/28/2016,11204,4,4,,85,sunny
8/28/2016,11201,2,,2,85,sunny
8/28/2016,11224,2,2,,85,sunny
8/28/2016,11209,3,,3,85,sunny
8/28/2016,11238,3,3,,85,sunny
8/28/2016,11238,2,,2,85,sunny
8/28/2016,11216,2,2,,85,sunny
8/28/2016,12546,1,1,,85,sunny
8/28/2016,11201,2,2,,85,sunny
8/28/2016,11229,6,,6,85,sunny
8/28/2016,11001,1,1,,85,sunny
8/28/2016,UK,4,4,,85,sunny
8/28/2016,10028,2,2,,85,sunny
8/28/2016,11201,2,,2,85,sunny
8/28/2016,Argentina,2,2,,85,sunny
8/28/2016,7310,3,3,,85,sunny
8/28/2016,11201,3,,3,85,sunny
8/28/2016,11201,4,,4,85,sunny
8/28/2016,11206,5,5,,85,sunny
8/28/2016,11206,5,5,,85,sunny
8/28/2016,10580,5,5,,85,sunny
8/28/2016,11201,3,3,,85,sunny
8/28/2016,11201,4,4,,85,sunny
8/28/2016,11201,2,,2,85,sunny
8/28/2016,11428,4,4,,85,sunny
8/30/2016,11201,5,5,,87,sunny
8/30/2016,11212,3,3,,87,sunny
8/30/2016,11249,6,6,,87,sunny
8/30/2016,11228,9,9,,87,sunny
8/30/2016,11201,2,,2,87,sunny
8/30/2016,11201,2,2,,87,sunny
8/30/2016,11201,3,,3,87,sunny
8/30/2016,11201,2,,2,87,sunny
8/30/2016,11225,2,1,1,87,sunny
8/30/2016,11201,2,2,,87,sunny
8/30/2016,11201,3,,3,87,sunny
8/30/2016,11201,3,,3,87,sunny
8/30/2016,11201,2,,2,87,sunny
8/30/2016,11231,2,,2,87,sunny
8/30/2016,11233,2,2,,87,sunny
8/30/2016,11209,3,3,,87,sunny
8/30/2016,11201,3,,3,87,sunny
8/30/2016,11691,4,4,,87,sunny
8/30/2016,11201,5,,5,87,sunny
8/30/2016,11201,2,,2,87,sunny
9/1/2016,UK,4,4,,79,rainy
9/1/2016,90039,3,3,,79,rainy
9/1/2016,11201,3,,3,79,rainy
9/1/2016,11201,2,,2,79,rainy
9/1/2016,11201,2,,2,79,rainy
9/1/2016,11201,2,,2,79,rainy
9/1/2016,11201,4,,4,79,rainy
9/1/2016,11201,3,3,,79,rainy
9/1/2016,11212,2,2,,79,rainy
9/1/2016,11201,3,,3,79,rainy
9/1/2016,11201,2,,2,79,rainy
9/3/2016,11201,2,0,2,74,Cloudy
9/3/2016,11101,1,1,0,74,Cloudy
9/3/2016,11201,3,0,3,74,Cloudy
9/3/2016,11201,6,6,0,74,Cloudy
9/3/2016,13827,1,1,0,74,Cloudy
9/3/2016,13903,1,1,0,74,Cloudy
9/3/2016,10990,1,1,0,74,Cloudy
9/3/2016,Spain,4,4,0,74,Cloudy
9/3/2016,11233,4,4,0,74,Cloudy
9/3/2016,10025,3,3,0,74,Cloudy
9/3/2016,11230,2,2,0,74,Cloudy
9/3/2016,11211,3,0,3,74,Cloudy
9/3/2016,22066,4,4,0,74,Cloudy
9/3/2016,11201,4,1,3,74,Cloudy
9/3/2016,11235,2,2,0,74,Cloudy
9/3/2016,11201,2,2,0,74,Cloudy
9/3/2016,19807,5,5,0,74,Cloudy
9/3/2016,10016,3,3,0,74,Cloudy
9/3/2016,11215,4,4,0,74,Cloudy
9/3/2016,11216,4,4,0,74,Cloudy
9/3/2016,Colombia,2,2,0,74,Cloudy
9/3/2016,11238,3,3,0,74,Cloudy
9/3/2016,11201,3,2,1,74,Cloudy
9/3/2016,10024,4,4,0,74,Cloudy
9/3/2016,11105,4,4,0,74,Cloudy
9/3/2016,11215,2,2,0,74,Cloudy
9/3/2016,10031,3,3,0,74,Cloudy
9/3/2016,11238,3,3,0,74,Cloudy
9/3/2016,11201,4,0,4,74,Cloudy
9/3/2016,11790,3,3,0,74,Cloudy
9/3/2016,11201,2,0,2,74,Cloudy
9/3/2016,11201,3,0,3,74,Cloudy
9/3/2016,10017,4,0,4,74,Cloudy
9/3/2016,11218,3,0,3,74,Cloudy
9/3/2016,11201,3,0,3,74,Cloudy
9/4/2016,11201,3,3,,74,Cloudy
9/4/2016,11209,4,4,,74,Cloudy
9/4/2016,10471,5,5,,74,Cloudy
9/4/2016,33157,1,1,,74,Cloudy
9/4/2016,11201,4,,4,74,Cloudy
9/4/2016,11215,2,2,,74,Cloudy
9/4/2016,Finland,2,2,,74,Cloudy
9/4/2016,11230,2,2,,74,Cloudy
9/4/2016,11201,2,,2,74,Cloudy
9/4/2016,7306,4,4,,74,Cloudy
9/4/2016,Australia,3,3,,74,Cloudy
9/4/2016,10538,3,3,,74,Cloudy
9/4/2016,11231,3,3,,74,Cloudy
9/4/2016,10021,3,,3,74,Cloudy
9/4/2016,11209,3,3,,74,Cloudy
9/4/2016,11201,2,2,,74,Cloudy
9/4/2016,6820,3,3,,74,Cloudy
9/4/2016,11217,1,1,,74,Cloudy
9/4/2016,20152,2,2,,74,Cloudy
9/4/2016,11201,3,,3,74,Cloudy
9/4/2016,11215,3,,3,74,Cloudy
9/4/2016,11249,1,1,,74,Cloudy
9/4/2016,10013,3,3,,74,Cloudy
9/4/2016,11374/11238,2,2,,74,Cloudy
9/4/2016,11204,5,5,,74,Cloudy
9/4/2016,11226,2,2,,74,Cloudy
9/4/2016,11238,2,2,,74,Cloudy
9/4/2016,11231,3,3,,74,Cloudy
9/4/2016,11201,3,2,1,74,Cloudy
9/4/2016,11230,7,7,,74,Cloudy
9/4/2016,10027,2,2,,74,Cloudy
9/4/2016,Canada,2,2,,74,Cloudy
9/4/2016,11224,2,2,,74,Cloudy
9/4/2016,11103,2,2,,74,Cloudy
9/4/2016,11215,2,2,,74,Cloudy
9/4/2016,11215,2,2,,74,Cloudy
9/4/2016,10458,8,8,,74,Cloudy
9/4/2016,10940,2,2,,74,Cloudy
9/4/2016,10941,2,2,,74,Cloudy
9/4/2016,11201,4,4,,74,Cloudy
9/4/2016,11375,2,2,,74,Cloudy
9/4/2016,11229,1,1,,74,Cloudy
9/4/2016,1803,1,1,,74,Cloudy
9/4/2016,11201,2,,2,74,Cloudy
9/4/2016,11201,2,,2,74,Cloudy
9/4/2016,1201,2,2,,74,Cloudy
9/4/2016,11201,3,,3,74,Cloudy
9/4/2016,11210,1,,1,74,Cloudy
9/6/2016,11201,4,3,1,80,cloudy 
9/6/2016,11209,3,3,,80,cloudy 
9/6/2016,11234,9,9,,80,cloudy 
9/6/2016,11249,5,5,,80,cloudy 
9/6/2016,11221,2,2,,80,cloudy 
9/6/2016,7848,3,3,,80,cloudy 
9/6/2016,11201,3,,3,80,cloudy 
9/6/2016,11207,2,2,,80,cloudy 
9/6/2016,11201,2,,2,80,cloudy 
9/6/2016,11215,4,4,,80,cloudy 
9/6/2016,11205,4,4,,80,cloudy 
9/6/2016,11201,2,,2,80,cloudy 
9/6/2016,11201,3,,3,80,cloudy 
9/6/2016,11201,3,,3,80,cloudy 
9/6/2016,11201,2,,2,80,cloudy 
9/6/2016,11201,3,,3,80,cloudy 
9/6/2016,11201,2,,2,80,cloudy 
9/6/2016,11215,3,3,,80,cloudy 
9/6/2016,11201,2,,2,80,cloudy 
9/8/2016,11201,5,,5,88,partly cloudy
9/8/2016,Taiwan,5,5,,88,partly cloudy
9/8/2016,11598,4,4,,88,partly cloudy
9/8/2016,11201,2,,2,88,partly cloudy
9/8/2016,11201,2,2,,88,partly cloudy
9/8/2016,11201,4,,4,88,partly cloudy
9/8/2016,11201,5,,5,88,partly cloudy
9/8/2016,11201,2,2,,88,partly cloudy
9/8/2016,89014,5,5,,88,partly cloudy
9/8/2016,11201,2,,2,88,partly cloudy
9/8/2016,11217,2,2,,88,partly cloudy
9/8/2016,11201,5,,5,88,partly cloudy
9/8/2016,11209,2,,2,88,partly cloudy
9/8/2016,11201,4,,4,88,partly cloudy
9/10/2016,11201,3,3,,88,Sunny
9/10/2016,11201,3,,3,88,Sunny
9/10/2016,10456,3,3,,88,Sunny
9/10/2016,11218,2,2,,88,Sunny
9/10/2016,10031,2,,2,88,Sunny
9/10/2016,11201,3,,3,88,Sunny
9/10/2016,11201,4,,4,88,Sunny
9/10/2016,11201,3,,3,88,Sunny
9/10/2016,2651,5,5,,88,Sunny
9/10/2016,11216,2,2,,88,Sunny
9/10/2016,11201,2,,2,88,Sunny
9/10/2016,11218,2,2,,88,Sunny
9/10/2016,10455,4,4,,88,Sunny
9/10/2016,Mexico,2,2,,88,Sunny
9/10/2016,11209,3,3,,88,Sunny
9/10/2016,11201,2,,2,88,Sunny
9/10/2016,11234,2,2,,88,Sunny
9/10/2016,11414,3,3,,88,Sunny
9/10/2016,19119,1,1,,88,Sunny
9/10/2016,11203,6,6,,88,Sunny
9/10/2016,11229,2,2,,88,Sunny
9/10/2016,10025,5,5,,88,Sunny
9/10/2016,,2,2,,88,Sunny
9/10/2016,100069,4,4,,88,Sunny
9/10/2016,Holland,2,2,,88,Sunny
9/10/2016,11201,2,2,,88,Sunny
9/10/2016,17601,3,3,,88,Sunny
9/10/2016,11228,8,8,,88,Sunny
9/10/2016,11418,1,1,,88,Sunny
9/10/2016,11075,3,3,,88,Sunny
9/10/2016,11218,4,4,,88,Sunny
9/10/2016,11201,2,,2,88,Sunny
9/10/2016,11201,2,2,,88,Sunny
9/10/2016,11040,2,2,,88,Sunny
9/10/2016,11236,2,2,,88,Sunny
9/10/2016,11209,4,4,,88,Sunny
9/10/2016,11225,4,2,2,88,Sunny
9/10/2016,11207,1,1,,88,Sunny
9/10/2016,11429,1,1,,88,Sunny
9/10/2016,10026,3,3,,88,Sunny
9/11/2016,11201,1,,1,81,Sunny
9/11/2016,11201,3,3,,81,Sunny
9/11/2016,11201,3,,3,81,Sunny
9/11/2016,11231,10,,10,81,Sunny
9/11/2016,11249,2,2,,81,Sunny
9/11/2016,11201,2,1,1,81,Sunny
9/11/2016,11201,4,,4,81,Sunny
9/11/2016,11215,3,3,,81,Sunny
9/11/2016,11236,5,,5,81,Sunny
9/11/2016,11223,2,2,,81,Sunny
9/11/2016,11201,2,2,,81,Sunny
9/11/2016,11217,3,3,,81,Sunny
9/11/2016,11201,3,,3,81,Sunny
9/11/2016,11230,3,3,,81,Sunny
9/11/2016,80134,3,3,,81,Sunny
9/11/2016,11238,1,1,,81,Sunny
9/11/2016,11238,3,,3,81,Sunny
9/11/2016,11201,2,,2,81,Sunny
9/11/2016,11205,4,4,,81,Sunny
9/11/2016,11201,2,,2,81,Sunny
9/11/2016,11238,7,7,,81,Sunny
9/11/2016,10463,4,4,,81,Sunny
9/11/2016,11237,2,2,,81,Sunny
9/11/2016,11377,3,3,,81,Sunny
9/11/2016,11218,3,3,,81,Sunny
 ,11215,4,4,,81,Sunny
9/11/2016,11201,3,,3,81,Sunny
9/11/2016,11216,2,,2,81,Sunny
9/11/2016,11201,4,,4,81,Sunny
9/11/2016,11225,2,2,,81,Sunny
9/11/2016,11218,2,2,,81,Sunny
9/11/2016,11201,3,,3,81,Sunny
9/11/2016,11201,2,,2,81,Sunny
9/11/2016,90024,1,1,,81,Sunny
9/13/2016,80134,2,,2,80,partly cloudy
9/13/2016,11201,4,,4,80,partly cloudy
9/13/2016,11201,2,,2,80,partly cloudy
9/13/2016,11201,2,1,1,80,partly cloudy
9/13/2016,11201,3,,3,80,partly cloudy
9/13/2016,11105,2,1,1,80,partly cloudy
9/13/2016,11201,4,,4,80,partly cloudy
9/13/2016,11201,4,,4,80,partly cloudy
9/13/2016,11201,3,,3,80,partly cloudy
9/13/2016,11201,2,,2,80,partly cloudy
9/13/2016,11201,2,,2,80,partly cloudy
9/13/2016,11205,2,2,,80,partly cloudy
9/13/2016,11201,2,,2,80,partly cloudy
9/13/2016,11201,3,,3,80,partly cloudy
9/13/2016,11201,4,,4,80,partly cloudy
9/17/2016,11230,3,3,,75,Sunny
9/17/2016,11214,3,,3,75,Sunny
9/17/2016,Czeck Republic,4,4,,75,Sunny
9/17/2016,11231,3,3,,75,Sunny
9/17/2016,11235,4,,4,75,Sunny
9/17/2016,10595,2,2,,75,Sunny
9/17/2016,11238,3,,3,75,Sunny
9/17/2016,11226,3,3,,75,Sunny
9/17/2016,96828,2,2,,75,Sunny
9/17/2016,11219,2,2,,75,Sunny
9/17/2016,Sweden ,3,3,,75,Sunny
9/17/2016,11235,3,,3,75,Sunny
9/17/2016,11233,2,,2,75,Sunny
9/17/2016,11209,4,4,,75,Sunny
9/17/2016,11235,3,3,,75,Sunny
9/17/2016,11214,2,,2,75,Sunny
9/17/2016,20744,2,2,,75,Sunny
9/17/2016,11358,8,8,,75,Sunny
9/17/2016,11201,1,,1,75,Sunny
9/17/2016,10065,2,2,,75,Sunny
9/17/2016,11206,2,2,,75,Sunny
9/17/2016,11201,2,2,,75,Sunny
9/17/2016,11218,3,3,,75,Sunny
9/17/2016,11201,6,,6,75,Sunny
9/17/2016,11213,2,2,,75,Sunny
9/17/2016,11231,2,2,,75,Sunny
9/17/2016,10282,4,4,,75,Sunny
9/17/2016,,2,2,,75,Sunny
9/17/2016,11201,4,,4,75,Sunny
9/17/2016,11238,2,2,,75,Sunny
9/17/2016,10040,2,2,,75,Sunny
9/17/2016,10466,2,2,,75,Sunny
9/17/2016,11201,2,,2,75,Sunny
9/18/2016,paraguay,1,1,,81,overcast
9/18/2016,11753,1,1,,81,overcast
9/18/2016,11231,3,3,,81,overcast
9/18/2016,11201,2,2,,81,overcast
9/18/2016,11213,3,3,,81,overcast
9/18/2016,11218,2,2,,81,overcast
9/18/2016,11201,3,,3,81,overcast
9/18/2016,11201,4,,4,81,overcast
9/18/2016,11201,4,,4,81,overcast
9/18/2016,11226,2,2,,81,overcast
9/18/2016,11201,3,,3,81,overcast
9/18/2016,11229,1,1,,81,overcast
9/18/2016,7405,1,1,,81,overcast
9/18/2016,10024,1,1,,81,overcast
9/18/2016,11418,3,3,,81,overcast
9/18/2016,11238,4,4,,81,overcast
9/18/2016,33180,1,1,,81,overcast
9/18/2016,11205,5,5,,81,overcast
9/18/2016,7304,4,4,,81,overcast
9/18/2016,11205,2,2,,81,overcast
9/18/2016,11201,4,4,,81,overcast
9/18/2016,11201,4,4,,81,overcast
9/18/2016,11215,3,3,,81,overcast
9/18/2016,11201,3,,3,81,overcast
9/18/2016,11216,6,6,,81,overcast
9/18/2016,11222,3,,3,81,overcast
9/18/2016,11201,5,2,3,81,overcast
9/18/2016,11231,2,2,,81,overcast
9/18/2016,11201,3,2,1,81,overcast
9/20/2016,11201,5,3,2,79,cloudy
9/20/2016,11201,3,,3,79,cloudy
9/20/2016,11201,2,,2,79,cloudy
9/20/2016,11201,2,,2,79,cloudy
9/20/2016,11201,3,,2,79,cloudy
9/20/2016,11201,2,,2,79,cloudy
9/20/2016,11201,2,,2,79,cloudy
9/20/2016,11201,6,,6,79,cloudy
9/20/2016,11201,2,,2,79,cloudy
9/20/2016,11101,2,2,,79,cloudy
9/20/2016,11231,4,4,,79,cloudy
9/20/2016,11201,7,1,6,79,cloudy
9/20/2016,11201,3,,3,79,cloudy
9/20/2016,11201,3,,3,79,cloudy
9/22/2016,11225,2,2,,83,Sunny
9/22/2016,11201,2,,2,83,Sunny
9/22/2016,11105,2,1,1,83,Sunny
9/22/2016,10009,2,2,,83,Sunny
9/22/2016,11201,3,,3,83,Sunny
9/22/2016,11218,3,3,,83,Sunny
9/22/2016,11201,3,,3,83,Sunny
9/22/2016,7020,2,2,,83,Sunny
9/22/2016,11223,2,2,,83,Sunny
9/22/2016,11201,8,,8,83,Sunny
9/22/2016,11201,3,3,,83,Sunny
9/24/2016,11217,3,,3,61,sunny
9/24/2016,11234,5,5,,61,sunny
9/24/2016,11201,3,,3,61,sunny
9/24/2016,11201,3,,3,61,sunny
9/24/2016,11201,2,2,,61,sunny
9/24/2016,7102,4,4,,61,sunny
9/24/2016,11201,3,3,,61,sunny
9/24/2016,11373,7,7,,61,sunny
9/24/2016,11201,3,,3,61,sunny
9/24/2016,11201,4,,4,61,sunny
9/24/2016,19121,2,2,,61,sunny
9/24/2016,11201,2,,2,61,sunny
9/24/2016,11201,2,,2,61,sunny
9/24/2016,Japan,2,2,,61,sunny
9/24/2016,11215,4,4,,61,sunny
9/24/2016,11218,2,2,,61,sunny
9/24/2016,11215,2,2,,61,sunny
9/24/2016,11216,3,3,,61,sunny
9/24/2016,11201,2,,2,61,sunny
9/24/2016,10003,2,2,,61,sunny
9/24/2016,11201,3,,3,61,sunny
9/24/2016,11201,4,4,,61,sunny
9/24/2016,11201,5,,5,61,sunny
9/24/2016,7302,2,2,,61,sunny
9/25/2016,10006,4,4,,73,Sunny
9/25/2016,11201,2,,2,73,Sunny
9/25/2016,11217,1,1,,73,Sunny
9/25/2016,11230,3,,3,73,Sunny
9/25/2016,10312,3,3,,73,Sunny
9/25/2016,7950,2,2,,73,Sunny
9/25/2016,11231,2,2,,73,Sunny
9/25/2016,11215,4,4,,73,Sunny
9/25/2016,11215,1,1,,73,Sunny
9/25/2016,10002,2,2,,73,Sunny
9/25/2016,6907,1,1,,73,Sunny
9/25/2016,11201,8,2,6,73,Sunny
9/25/2016,11249,2,2,,73,Sunny
9/25/2016,11230,2,2,,73,Sunny
9/25/2016,10030,1,1,,73,Sunny
9/25/2016,11201,4,,4,73,Sunny
9/25/2016,11201,2,2,,73,Sunny
9/25/2016,11201,3,,3,73,Sunny
9/25/2016,11101,7,7,,73,Sunny
9/25/2016,11217,2,,2,73,Sunny
9/25/2016,10014,3,3,,73,Sunny
9/25/2016,11215,2,2,,73,Sunny
9/25/2016,11201,3,,3,73,Sunny
9/25/2016,11217,2,2,,73,Sunny
9/25/2016,11213,3,,3,73,Sunny
9/25/2016,11201,3,,3,73,Sunny
9/25/2016,11366,4,,4,73,Sunny
9/27/2016,10003,1,1,,72,Sunny
9/27/2016,11104,1,1,,72,Sunny
9/27/2016,11201,5,,5,72,Sunny
9/27/2016,11201,2,,2,72,Sunny
9/27/2016,11237,2,2,,72,Sunny
9/27/2016,11201,2,,2,72,Sunny
9/27/2016,11201,2,,2,72,Sunny
9/27/2016,11201,3,,3,72,Sunny
9/27/2016,11201,2,2,,72,Sunny
9/27/2016,11201,2,2,,72,Sunny
9/27/2016,11201,3,3,,72,Sunny
9/27/2016,11201,2,,2,72,Sunny
9/27/2016,11201,2,,2,72,Sunny
9/27/2016,11201,2,,2,72,Sunny
9/27/2016,11201,3,,3,72,Sunny
9/27/2016,11201,3,,3,72,Sunny
9/27/2016,11201,3,,3,72,Sunny
9/29/2016,11201,1,,1,,
9/29/2016,98115,1,1,,,
9/29/2016,11201,4,,4,,
9/29/2016,11201,2,,2,,
9/29/2016,11201,2,,2,,
9/29/2016,11201,2,,2,,
9/29/2016,11201,4,,4,,
9/29/2016,11201,2,2,,,
10/1/2016,10453,2,1,1,,
,30281,1,1,,,
,11201,4,,4,,
,11204,2,2,,,
,11201,2,,2,,
,11218,4,4,,,
,11204,1,1,,,
,11201,2,2,,,
,11373,2,2,,,
,TIDES ,10,10,,,
,11218,3,3,,,
,11219,3,3,,,
,7302,2,2,,,
,2140,2,2,,,
,11201,2,,2,,
,11201,3,,3,,
,11208,3,3,,,
,11201,2,,2,,
,20818,2,2,,,
,2879,1,1,,,
,6896,1,1,,,
,11201/Paris,2,1,1,,
,11201,4,,4,,
,11201,2,,2,,
,11501,3,3,,,
10/2/2016,11201,2,,2,65,overcast
,11201,3,,3,,
,11201,3,3,,,
,11201,4,4,,,
,11201,3,,3,,
,11201,2,1,1,,
,10065,1,,1,,
,Sweeden,12,12,,,
,11201,2,2,,,
,11205,3,3,,,
,11211,2,2,,,
,11205,3,3,,,
,11021,4,1,3,,
,10016,4,4,,,
,8742,5,5,,,
,11201,4,,4,,
,10470,3,3,,,
,11201,3,3,,,
,10032,3,3,,,
,11231,4,4,,,
,11210,2,2,,,
,11201,3,3,,,
,11377,2,2,,,
,10960,1,1,,,
,11219,3,3,,,
,11201,3,,3,,
,11201,2,,2,,
,11218,3,3,,,
,11201,3,,3,,
,11201,2,2,,,
,11231,3,3,,,
,11201,2,2,,,
,11215,3,3,,,
,11201,2,,2,,
,11201,3,,3,,
10/4/2016,11374,2,2,,71,Sunny
,11201,3,1,,,
,11201,4,,4,,
,11201,4,,4,,
,11233,2,2,,,
,11216,3,,3,,
,11201,2,,2,,
,11225,2,2,,,
,11201,4,4,,,
,11219,2,2,,,
,11201,2,,2,,
,11201,2,,2,,
,11201,2,,2,,
,11214,2,2,,,
,11201,2,,2,,
,11201,2,,2,,
,11218,4,4,,,
,11201,3,,3,,
,11201,2,,2,,
,11201,2,1,1,,
10/6/2016,11201,2,,2,72,Sunny
,11201,2,2,,,
,11201,2,,2,,
,11379,2,2,,,
,11201,2,,2,,
,11221,2,2,,,
,11201,2,,2,,
,11201,3,,3,,
,11201,3,,3,,
,11201,3,,3,,
,11201,1,1,,,
,11201,2,,2,,
,11201,3,,3,,
10/8/2016,11201,6,3,3,70,Cloudy
,11201,3,3,,,
,Canada,2,2,,,
,11215,4,,4,,
,11215,2,2,,,
,11215,2,2,,,
,11206,1,1,,,
,11201,2,2,,,
,11205,2,,2,,
,11226,3,2,1,,
,11232,4,,4,,
,10003,3,3,,,
,UK,1,1,,,
,11201,2,,2,,
,11231,2,2,,,
,11201,4,4,,,
,91107,4,4,,,
,11238,1,1,,,
,10003,1,1,,,
,11201,2,,2,,
10/9/2016,11201,2,,2,55,rainy
,11201,2,2,,,
,85748,2,2,,,
,11201,2,,2,,
,11231,2,2,,,
,11201,3,,3,,
,11201,3,,3,,
,11226,3,3,,,
,7904,1,,1,,
,10025,1,1,,,
,Germany,3,3,,,
,10566,3,3,,,
,11201,3,,3,,
,11201,3,,3,,
,11201,3,1,2,,
,11238,2,2,,,
,11225,1,1,,,
,11201,2,,2,,
,11201,4,,4,,
,11201,2,2,,,
,11201,2,,2,,
,Argentina,2,2,,,
10/11/2016,11201,5,,5,,
,11201,3,3,,,
,11201,2,,2,,
,11201,3,,3,,
,11201,2,,2,,
,11201,2,2,,,
,11201,2,,2,,
,11201,3,,3,,
10/13/2016,11201,3,,3,,
,11201,3,,3,,
,11201,2,2,,,
,11201,2,2,,,
,11201,5,,5,,
,11201,3,1,2,,
,11201,2,2,,,
,11201,2,,2,,
,11201,2,,2,,
,11201,2,2,,,
,92101,2,2,,,
10/15/2016,11210,4,,4,62,sunny
,11217,3,2,,,
,11229,1,1,,,
,11217,3,3,,,
,Uruguay,4,4,,,
,11249,2,2,,,
,11221,2,2,,,
,11215,3,3,,,
,11216,2,,2,,
,11218,2,2,,,
,11201,2,2,,,
,11201,5,,5,,
,11201,2,2,,,
,10306,3,3,,,
,11201,2,,2,,
,11209,4,,4,,
,11231,4,4,,,
,11201,4,4,,,
,11201,2,2,,,
,10017,1,1,,,
,10027,1,1,,,
,11365,5,5,,,
,Denmark ,2,2,,,
,11201,3,,3,,
,11217,4,4,,,
,94610,3,3,,,
,11223,3,1,3,,
,11373,2,2,,,
,11201,3,,3,,
,11201,2,,2,,
10/16/2016,11201,3,,3,65,cloudy
,11109,3,,3,,
,10128,4,,4,,
,11210,2,,2,,
,10140,2,2,,,
,11210,2,1,1,,
,10040,3,3,,,
,11201,2,2,,,
,11201,3,,3,,
,7621,5,5,,,
,10520,3,3,,,
,11201,3,3,,,
,10280,2,2,,,
,10004,2,2,,,
,11201,2,,2,,
,11201,2,,2,,
,,3,3,,,
,New Jersey,5,5,,,
,7481,6,4,2,,
,11201,2,,2,,
,11201,4,4,,,
,11222,3,3,,,
,11201,5,3,2,,
,11575,5,5,,,
,10002,2,2,,,
,11201,3,,3,,
,11201,2,,2,,
,10305,5,5,,,
,11201,2,,2,,
,10012,3,3,,,
,20170,2,2,,,
,11201,3,,3,,
,11231,2,2,,,
,11201,5,,5,,
,11231,4,,4,,
,11201,3,3,,,
,11201,4,4,,,
10/18/2016,11201,3,1,2,82,sunny
,11201,10,2,8,,
,11201,2,,2,,
,11218,2,2,,,
,11201,2,,2,,
,11201,2,,2,,
,11201,3,,3,,
,11201,2,,2,,
,11201,2,,2,,
,11201,2,,2,,
,11201,2,,2,,
,Norway,2,2,,,
10/20/2016,11201,2,,2,,
,11201,2,,2,,
,11201,2,,2,,
,11211,2,2,,,
,11211,2,2,,,
,11208,8,8,,,
,11218,8,8,,,
,11201,2,,2,,
,11201,2,,2,,
,11201,4,,4,,
,11201,2,,2,,
,11223,2,,2,,
,11201,2,,2,,
,11218,2,,2,,
,11219,4,4,,,
,11201,3,3,,,
,11201,2,2,  ,,
,11201,2, ,2,,
10/22/2016,89166,1,1,,46,raining
,11201,3,,3,,
,11201,2,2,,,
,11201,2,2,,,
,11201,2,,2,,
,11201,2,,2,,
,11231,4,,4,,
,8037,13,13,,,
,11201,2,2,,,
,11201,3,,3,,
,10014,3,3,,,
,11201,3,,3,,
,33143,3,3,,,
,11201,2,,2,,
,11215,3,3,,,
,11201,2,,2,,
10/23/2016,11201,6,6,,57,sunny
,11229,4,,4,,
,10280,8,8,,,
,11201,3,,3,,
,11205,4,4,,,
,11220,2,2,,,
,11215,2,2,,,
,11231,3,3,,,
,11201,2,,2,,
,11226,2,,2,,
,11101,2,2,,,
,11238,2,2,,,
,10009,3,3,,,
,Australia,2,2,,,
,England,4,4,,,
,11201,4,4,,,
,7032,1,1,,,
,11218,3,3,,,
,11221,3,3,,,
,11231,2,2,,,
,8701,,,,,
,11201,2,2,,,
,11201,2,,2,,
,11206,2,2,,,
,11201,2,2,,,
,11205,3,3,,,
,Japan,3,3,,,
,Italy,2,2,,,
,10024,6,6,,,
,11249,2,,2,,
10/25/2016,11201,2,,2,54,partly cloudy 
,11201,3,,3,,
,11201,2,,2,,
,11201,2,,2,,
,11201,2,,2,,
,11201,3,,3,,
,11201,3,,3,,
,11201,3,1,2,,
,11201,3,,3,,
,11201,3,,3,,
,11201,3,,3,,
,10022,2,2,,,
,11201,4,,4,,
, ,,,,,
10/27/2016,11201,2,,2,,
,11201,3,,3,,
,11201,6,,6,,
,11201,2,,2,,
,11201,2,,2,,
,11201,2,,2,,
,11215,2,2,,,
,11201,2,,2,,
,11201,2,,2,,
,11218,2,2,,,
10/29/2016,11219,2,2,,54,Sunny
,11201,3,,3,,
,10701,2,2,,,
,11201,3,,3,,
,11201,2,2,,,
,11201,3,,3,,
,11201,4,,4,,
,11201,2,,2,,
,10002,2,2,,,
,10460,2,2,,,
,11212,5,5,,,
,11305,3,3,,,
,11233,6,4,2,,
,11201,2,,2,,
,11201,2,,2,,
,11201,2,,2,,
,11220,1,1,,,
,96734,4,4,,,
10/30/2016,11215,4,4,,73,Sunny
,11237,3,3,,,
,11215,4,4,,,
,20008,5,3,2,,
,11201,2,1,1,,
,11201,1,1,,,
,1230,4,4,,,
,11231,2,2,,,
,11201,2,,2,,
,11217,2,2,,,
,11201,3,3,,,
,11201,3,3,,,
,11209,4,4,,,
,11201,3,,3,,
,11231,4,4,,,
,11201,2,,2,,
,11414,3,3,,,
,11201,2,2,,,
,45601,4,3,1,,
,11201,2,,2,,
,11238,2,2,,,
,11205,6,6,,,
,Canada,1,1,,,
,11210,2,2,,,
,11230,2,2,,,
,11229,4,4,,,
,11231,2,2,,,
,11229,3,,3,,
,10031,1,1,,,
,11205,1,1,,,
11/1/2016,,,,,60,sunny 
,11201,2,,2,60,sunny 
,11216,2,2,,60,sunny 
,11201,2,2,,60,sunny 
,11201,2,,2,60,sunny 
,11201,2,,2,60,sunny 
,11201,3,,3,60,sunny 
,11201,2,,2,60,sunny 
,11201,2,,2,60,sunny 
,11201,4,,4,60,sunny 
,11201,2,1,1,60,sunny 
,11201,2,,2,60,sunny 
,11201,3,,3,60,sunny 
,11201,2,,2,60,sunny 
,11201,2,,2,60,sunny 
,11201,3,,3,60,sunny 
,11201,3,,3,60,sunny 
11/3/2016,11201,2,,2,70,cloudy
,11201,2,,2,70,cloudy
,11201,3,,3,70,cloudy
,11201,2,,2,70,cloudy
,11228,3,3,,70,cloudy
,11201,2,,2,70,cloudy
,11201,2,,2,70,cloudy
,11211,2,2,,70,cloudy
11/5/2016,29101,5,5,,59,sunny
,11201,3,3,,59,sunny
,10002,4,4,,59,sunny
,20009,2,2,,59,sunny
,17666,1,1,,59,sunny
,11223,3,3,,59,sunny
,11235,2,,2,59,sunny
,6825,2,2,,59,sunny
,11203,2,2,,59,sunny
,11201,2,,2,59,sunny
,11201,1,1,,59,sunny
,11233,4,1,3,59,sunny
,11234,2,2,,59,sunny
,11201,3,,3,59,sunny
,11220,2,2,,59,sunny
,11220,2,2,,59,sunny
,11218,2,2,,59,sunny
,11215,1,1,,59,sunny
,11201,2,2,,59,sunny
,11236,2,2,,59,sunny
,11030,2,2,,59,sunny
,10014,3,3,,59,sunny
,11201,3,3,,59,sunny
,11231,2,2,,59,sunny
,10005,3,3,,59,sunny
,10463,4,4,,59,sunny
,10016,1,1,,59,sunny
,11373,6,4,2,59,sunny
,11217,2,,2,59,sunny
,11201,2,,2,59,sunny
,11201,2,2,,59,sunny
,11201,2,,2,59,sunny
11/6/2016,11201,4,,4,58,sunny
,11229,4,4,,58,sunny
,11201,2,,2,58,sunny
,11231,2,2,,58,sunny
,11215,4,4,,58,sunny
,11201,4,3,1,58,sunny
,11201,3,,3,58,sunny
,11210,2,,2,58,sunny
,11417,3,3,,58,sunny
,11201,2,,2,58,sunny
,11201,2,1,1,58,sunny
,11238,3,,3,58,sunny
,60626,2,2,,58,sunny
,11201,4,4,,58,sunny
,11201,2,,2,58,sunny
,11217,2,,2,58,sunny
,10583,4,4,,58,sunny
,11201,3,,3,58,sunny
,11201,2,,2,58,sunny
,11201,3,,3,58,sunny
,11201,3,,3,58,sunny
,11218,3,3,,58,sunny
,11201,2,,2,58,sunny
,11201,2,,2,58,sunny
,11201,5,5,,58,sunny
,11201,3,,3,58,sunny
,11201,3,,3,58,sunny
,11201,3,,3,58,sunny
,11231,3,,3,58,sunny
,11201,3,,3,58,sunny
11/8/2016,11385,2,2,,62,sunny
,11201,3,3,,62,sunny
,11201,4,,4,62,sunny
,11201,3,,3,62,sunny
,11201,5,,5,62,sunny
,11201,3,,3,62,sunny
,11215,3,3,,62,sunny
,11201,3,,3,62,sunny
,11201,3,3,,62,sunny
,11217,2,2,,62,sunny
,11215,2,2,,62,sunny
,11201,2,,2,62,sunny
,France ,2,2,,62,sunny
,11201,2,,2,62,sunny
,11201,3,,3,62,sunny
,11201,2,,2,62,sunny
,11201,3,,3,62,sunny
,11215,3,3,,62,sunny
,11201,3,,3,62,sunny
,11201,3,,3,62,sunny
,11201,3,,3,62,sunny
,11205,2,2,,62,sunny
,11201,3,,3,62,sunny
11/10/2016,11201,3,,3,55,Sunny
,11201,2,,2,55,Sunny
,11201,2,,2,55,Sunny
,11201,2,2,,55,Sunny
,11201,3,,3,55,Sunny
,11201,3,,3,55,Sunny
,11201,2,,2,55,Sunny
,11201,2,,2,55,Sunny
,10467,4,4,,55,Sunny
,11201,2,,2,55,Sunny
,11201,2,,2,55,Sunny
,11201,2, ,2,55,Sunny
11/12/2016,11201,3,3,,49,Sunny/windy
,19004,1,1,,49,Sunny/windy
,67005,1,1,,49,Sunny/windy
,11201,4,,4,49,Sunny/windy
,11215,4,,4,49,Sunny/windy
,Scotland,2,2,,49,Sunny/windy
,11215,7,,7,49,Sunny/windy
,11201,3,3,,49,Sunny/windy
,Korea,2,2,,49,Sunny/windy
,6426,4,4,,49,Sunny/windy
,11201,2,,2,49,Sunny/windy
,6753,1,1,,49,Sunny/windy
,,2,2,,49,Sunny/windy
,11231,1,,1,49,Sunny/windy
,32266,1,1,,49,Sunny/windy
,49066,1,1,,49,Sunny/windy
,10027,3,3,,49,Sunny/windy
,11201,2,2,,49,Sunny/windy
,10038,3,3,,49,Sunny/windy
,11231,4,4,,49,Sunny/windy
,11201,3,1,2,49,Sunny/windy
,11201,1,1,,49,Sunny/windy
,11201,1,1,,49,Sunny/windy
,11201,2,,2,49,Sunny/windy
,11418,4,4,,49,Sunny/windy
,11238,3,3,,49,Sunny/windy
,10453,2,2,,49,Sunny/windy
,11201,4,4,,49,Sunny/windy
,11218,2,2,,49,Sunny/windy
,8033,3,3,,49,Sunny/windy
,11201,2,,2,49,Sunny/windy
,11201,2,2,,49,Sunny/windy
,11201,2,,2,49,Sunny/windy
11/13/2016,11201,3,,3,58,sunny
,15201,2,2,,58,sunny
,11230,2,2,,58,sunny
,11201,2,,2,58,sunny
,Florida,3,3,,58,sunny
,11201,3,3,,58,sunny
,Italy,1,1,,58,sunny
,11223,6,6,,58,sunny
,10027,1,1,,58,sunny
,20850,3,3,,58,sunny
,France,2,2,,58,sunny
,10044,3,3,,58,sunny
,11207,2,2,,58,sunny
,11201,3,3,,58,sunny
,11385,5,5,,58,sunny
,10456,2,2,,58,sunny
,11201,2,2,,58,sunny
,92116,4,,4,58,sunny
,11201,2,,2,58,sunny
,11201,3,,3,58,sunny
,11704,6,6,,58,sunny
,10025,3,3,,58,sunny
,11374,2,2,,58,sunny
,10025,3,3,,58,sunny
,11215,3,1,2,58,sunny
,11201,2,,2,58,sunny
,11201,2,,2,58,sunny
,11201,2,,2,58,sunny
,11201,3,,3,58,sunny
,11201,4,,4,58,sunny
,7043,6,6,,58,sunny
,11231,2,2,,58,sunny
,11206,3,3,,58,sunny
,11201,2,,2,58,sunny
,11201,2,2,,58,sunny
,11201,2,,2,58,sunny
,11201,2,,2,58,sunny
,11730,2,2,,58,sunny
,11201,2,,2,58,sunny
,10028,6,6,,58,sunny
,11201,1,,1,58,sunny
11/15/2016,11201,3,,3,52,cloudy
,11201,13,6,7,52,cloudy
,11201,2,,2,52,cloudy
,11201,2,,2,52,cloudy
,Argentina ,2,2,,52,cloudy
,11201,2,,2,52,cloudy
,11201,2,,2,52,cloudy
,11201,3,,3,52,cloudy
,11201,5,2,3,52,cloudy
11/17/2016,malaysia,2,2,,61,cloudy
,11201,2,,2,61,cloudy
,11201,2,,2,61,cloudy
,11201,2,,2,61,cloudy
,11201,4,,4,61,cloudy
,14617,2,2,,61,cloudy
,10016,3,,3,61,cloudy
,11201,2,,2,61,cloudy
,11221,1,1,,61,cloudy
,11201,2,2,,61,cloudy
,11201,5,,5,61,cloudy
11/19/2016,10453,2,,2,60,sunny
,11215,3,,3,60,sunny
,11207,2,2,,60,sunny
,11201,2,,2,60,sunny
,11201,3,,3,60,sunny
,92024,5,5,,60,sunny
,11209,1,1,,60,sunny
,11201,2,2,,60,sunny
,11215,1,1,,60,sunny
,10034,3,3,,60,sunny
,11201,3,3,,60,sunny
,11201,4,,4,60,sunny
,11214,4,4,,60,sunny
,11201,2,,2,60,sunny
,11201,3,,3,60,sunny
,11201,4,,4,60,sunny
,11201,2,,2,60,sunny
,11201,7,,7,60,sunny
,11235,4,,4,60,sunny
,11201,3,3,,60,sunny
,11201,3,,3,60,sunny
,11231,2,2,,60,sunny
,11201,4,,4,60,sunny
,Portugal,4,4,,60,sunny
,11222,3,3,,60,sunny
,11232,4,4,,60,sunny
,11231,3,3,,60,sunny
,11201,2,,2,60,sunny
,11201,2,,2,60,sunny
,11231,4,,4,60,sunny
,80308,1,1,,60,sunny
,11231,3,3,,60,sunny
,10032,2,2,,60,sunny
,11201,2,2,,60,sunny
,11201,5,5,,60,sunny
,11201,3,,3,60,sunny
,11203,3,3,,60,sunny
,11205,2,2,,60,sunny
,Canada,3,3,,60,sunny
,11215,8,8,,60,sunny
,11209,3,3,,60,sunny
,11238,2,2,,60,sunny
11/20/2016,11230,3,,3,41,cloudy
,11208,3,3,,41,cloudy
,11201,2,2,,41,cloudy
,11201,1,1,,41,cloudy
,11201,2,,2,41,cloudy
11/22/2016,11201,3,,3,42,cloudy 
,11231,3,3,,,
,Korea,4,4,,,
,11201,2,1,1,,
,11201,2,,2,,
,11201,2,,2,,
,11201,2,,2,,
,11201,3,,3,,
,11201,3,,3,,
11/29/2016,11201,2,,2,58,raining 
,11201,3,,3,58,raining 
,11201,2,,2,58,raining 
,11201,2,,2,58,raining 
12/1/2016,11201,6,,6,49,cloudy
,11201,2,,2,,
,11201,2,,2,,
,11202,3,,3,,
,11201,2,,2,,
,11201,2,,2,,
,,17,,17,,
12/3/2016,11201,1,,1,47,sunny
,11201,2,,2,,
,11201,2,,2,,
,11201,2,1,1,,
,11249,2,2,,,
,11217,2,2,,,
,11201,2,,2,,
,11201,2,,2,,
