,total_visitors,total_returns,total_new,Temperature,from_11201,avg_visits_per_hour,avg_returns_per_hour,avg_new_per_hour,avg_from_11201_per_hour,ratio_11201,day,week,month,year,given_temp,precipitation,cloud_cover,snow,rain
8/20/2015,37,0,37,82.07,,18.5,0,18.5,,,3,34,8,2015,82,0,0.38,0,0
8/22/2015,80,0,80,82.16,,20,0,20,,,5,34,8,2015,86,0,0.13,0,0
8/23/2015,95,3,92,80.22,,23.75,0.75,23,,,6,34,8,2015,83,0,0.28,0,0
8/26/2015,42,0,42,79.68,,21,0,21,,,2,35,8,2015,82,0,0.14,0,0
8/28/2015,16,0,16,80.12,,8,0,8,,,4,35,8,2015,82,0,0.16,0,0
8/29/2015,104,4,100,84.15,,26,1,25,,,5,35,8,2015,84,0,0.18,0,0
8/30/2015,70,5,65,87.57,,17.5,1.25,16.25,,,6,35,8,2015,90,0.0017,0.17,0,1
9/10/2015,29,2,27,79,,14.5,1,13.5,,,3,37,9,2015,77,0.0393,0.72,0,1
9/12/2015,91,4,87,76.47,,22.75,1,21.75,,,5,37,9,2015,76,0.0064,0.36,0,1
9/13/2015,94,11,83,75.04,,23.5,2.75,20.75,,,6,37,9,2015,79,0.0037,0.32,0,1
9/17/2015,24,7,17,83.42,,12,3.5,8.5,,,3,38,9,2015,86,0,0.14,0,0
9/19/2015,94,4,90,77.92,,23.5,1,22.5,,,5,38,9,2015,77,0,0.19,0,0
9/20/2015,71,15,56,76.23,,17.75,3.75,14,,,6,38,9,2015,76,0,0.21,0,0
9/24/2015,33,2,31,79.11,,16.5,1,15.5,,,3,39,9,2015,82,0,0.14,0,0
9/26/2015,56,10,46,70.35,,14,2.5,11.5,,,5,39,9,2015,72,0,0.16,0,0
9/27/2015,74,4,70,68,,18.5,1,17.5,,,6,39,9,2015,70,0,0.2,0,0
10/1/2015,35,7,28,62.85,,17.5,3.5,14,,,3,40,10,2015,64,0.0028,0.49,0,1
10/3/2015,44,13,31,55.4,,11,3.25,7.75,,,5,40,10,2015,49,0.0111,,0,1
10/4/2015,99,12,87,63.18,,24.75,3,21.75,,,6,40,10,2015,64,0,0.38,0,0
10/8/2015,29,4,25,67.08,,14.5,2,12.5,,,3,41,10,2015,70,0,0.21,0,0
10/10/2015,82,10,72,63.62,,20.5,2.5,18,,,5,41,10,2015,64,0,0.14,0,0
10/11/2015,80,15,65,67.68,,20,3.75,16.25,,,6,41,10,2015,66,0,0.09,0,0
10/15/2015,77,15,62,63,,38.5,7.5,31,,,3,42,10,2015,60,0,0.12,0,0
10/18/2015,77,16,61,48.11,,19.25,4,15.25,,,6,42,10,2015,50,0,0.18,0,0
10/22/2015,18,0,18,71.65,,9,0,9,,,3,43,10,2015,76,0,0.14,0,0
10/24/2015,82,12,70,56.38,,20.5,3,17.5,,,5,43,10,2015,42,0,0.27,0,0
10/29/2015,8,6,2,70.15,,4,3,1,,,3,44,10,2015,68,0.0081,0.29,0,1
10/31/2015,44,7,37,53.19,,11,1.75,9.25,,,5,44,10,2015,55,0,0.07,0,0
11/1/2015,66,13,53,63.55,,16.5,3.25,13.25,,,6,44,11,2015,64,0,0.3,0,0
11/5/2015,49,20,29,67.31,,24.5,10,14.5,,,3,45,11,2015,66,0.0004,0.57,0,1
11/7/2015,121,13,108,69.88,,30.25,3.25,27,,,5,45,11,2015,64,0,0.29,0,0
11/8/2015,94,22,72,57.37,,23.5,5.5,18,,,6,45,11,2015,60,0,0.1,0,0
11/12/2015,9,3,6,59.21,,4.5,1.5,3,,,3,46,11,2015,59,0.0019,0.67,0,1
11/14/2015,75,13,62,48.83,,18.75,3.25,15.5,,,5,46,11,2015,47,0,0.17,0,0
11/15/2015,110,8,102,58.36,,27.5,2,25.5,,,6,46,11,2015,61,0,0.09,0,0
11/19/2015,30,12,18,62.85,,15,6,9,,,3,47,11,2015,61,0.0287,0.71,0,1
11/21/2015,83,21,62,50.03,,20.75,5.25,15.5,,,5,47,11,2015,52,0,0.2,0,0
11/22/2015,56,13,43,53.93,,14,3.25,10.75,,,6,47,11,2015,53,0.0015,0.31,0,1
11/28/2015,67,14,53,59.95,,16.75,3.5,13.25,,,5,48,11,2015,63,0.0007,0.41,0,1
11/29/2015,93,18,75,49.05,,23.25,4.5,18.75,,,6,48,11,2015,48,0,0.25,0,0
12/3/2015,11,7,4,54.11,,5.5,3.5,2,,,3,49,12,2015,50,0,0.35,0,0
12/5/2015,46,9,37,51.39,,11.5,2.25,9.25,,,5,49,12,2015,42,0,0.02,0,0
12/6/2015,84,28,56,52.31,,21,7,14,,,6,49,12,2015,52,0,0.08,0,0
12/10/2015,43,26,17,60.2,,21.5,13,8.5,,,3,50,12,2015,59,0.0002,0.21,0,1
12/12/2015,93,17,76,61.06,,23.25,4.25,19,,,5,50,12,2015,H 63 L 55,0,0.21,0,0
12/13/2015,115,34,81,64.14,,28.75,8.5,20.25,,,6,50,12,2015,H 70,0,0.29,0,0
12/17/2015,14,12,2,57.69,,7,6,1,,,3,51,12,2015,57,0.032,0.81,0,1
12/19/2015,29,6,23,39.16,,7.25,1.5,5.75,,,5,51,12,2015,42,0,0.32,0,0
12/20/2015,79,27,52,42.47,,19.75,6.75,13,,,6,51,12,2015,45,0,0.22,0,0
1/7/2016,20,3,17,44.29,,10,1.5,8.5,,,3,1,1,2016,46,0,0.17,0,0
1/9/2016,79,26,53,47.34,,19.75,6.5,13.25,,,5,1,1,2016,46,0.0001,0.65,0,1
1/10/2016,91,33,58,58.4,,22.75,8.25,14.5,,,6,1,1,2016,59,0.0468,0.53,0,1
1/14/2016,35,22,13,37.69,,17.5,11,6.5,,,3,2,1,2016,39,0,0.54,0,0
1/16/2016,112,48,64,50.34,,28,12,16,,,5,2,1,2016,52,0.0133,0.67,0,1
1/17/2016,52,14,38,41.97,,13,3.5,9.5,,,6,2,1,2016,37,0.0012,0.36,0,1
1/18/2016,11,2,9,30.8,,5.5,1,4.5,,,0,3,1,2016,27,0.0002,0.18,1,0
1/21/2016,34,20,14,35.4,,17,10,7,,,3,3,1,2016,33,0,0.18,0,0
1/26/2016,2,1,1,46.56,,1,0.5,0.5,,,1,4,1,2016,46,0,0.19,0,0
1/28/2016,21,11,10,41.46,,10.5,5.5,5,,,3,4,1,2016,40,0,0.14,0,0
1/30/2016,70,35,35,38.73,,17.5,8.75,8.75,,,5,4,1,2016,39,0,0.1,0,0
1/31/2016,100,39,61,53.13,,25,9.75,15.25,,,6,4,1,2016,48,0,0.11,0,0
2/2/2016,18,9,9,50.49,,9,4.5,4.5,,,1,5,2,2016,48,0,0.08,0,0
2/4/2016,29,20,9,56.12,,14.5,10,4.5,,,3,5,2,2016,52,0.0005,0.73,0,1
2/6/2016,102,37,65,39.03,0,25.5,9.25,16.25,0,0,5,5,2,2016,40,0,0.1,0,0
2/7/2016,83,22,61,44.4,31,20.75,5.5,15.25,7.75,0.373493976,6,5,2,2016,46,0,0.11,0,0
2/8/2016,17,6,11,39.62,7,8.5,3,5.5,3.5,0.411764706,0,6,2,2016,34,0.0013,0.58,1,0
2/9/2016,11,3,8,34.75,8,5.5,1.5,4,4,0.727272727,1,6,2,2016,36,0.0001,0.58,1,0
2/11/2016,16,13,3,30.88,14,8,6.5,1.5,7,0.875,3,6,2,2016,29,0.0002,0.33,1,0
2/13/2016,42,9,32,22.75,22,10.5,2.25,8,5.5,0.523809524,5,6,2,2016,25,0,0.26,0,0
2/14/2016,14,3,11,16.43,3,3.5,0.75,2.75,0.75,0.214285714,6,6,2,2016,15,0.0625,0.11,1,0
2/16/2016,9,3,6,52.82,9,4.5,1.5,3,4.5,1,1,7,2,2016,55,0.034,0.61,0,1
2/18/2016,85,39,46,36.26,74,42.5,19.5,23,37,0.870588235,3,7,2,2016,38,0,0.07,0,0
2/20/2016,127,33,94,59.43,69,31.75,8.25,23.5,17.25,0.543307087,5,7,2,2016,58,0,0.23,0,0
2/21/2016,135,21,114,53.71,41,33.75,5.25,28.5,10.25,0.303703704,6,7,2,2016,54,0.0017,0.26,0,1
2/23/2016,4,4,0,40.65,4,2,2,0,2,1,1,8,2,2016,37,0.0078,0.51,0,1
2/25/2016,26,18,8,59.64,19,13,9,4,9.5,0.730769231,3,8,2,2016,46,0.0109,0.57,0,1
2/27/2016,107,29,78,40.19,37,26.75,7.25,19.5,9.25,0.345794393,5,8,2,2016,39,0,0.13,0,0
2/28/2016,182,37,145,57.58,59,45.5,9.25,36.25,14.75,0.324175824,6,8,2,2016,62,0,0.12,0,0
3/1/2016,22,15,7,50.29,16,11,7.5,3.5,8,0.727272727,1,9,3,2016,46,0.0002,0.22,0,1
3/3/2016,44,24,20,35.17,33,22,12,10,16.5,0.75,3,9,3,2016,40,0,0.18,0,0
3/5/2016,78,31,47,39.79,30,19.5,7.75,11.75,7.5,0.384615385,5,9,3,2016,41,0,0.16,0,0
3/6/2016,110,40,70,42.72,44,27.5,10,17.5,11,0.4,6,9,3,2016,38,0,0.23,0,0
3/8/2016,17,9,0,58.09,4,8.5,4.5,0,2,0.235294118,1,10,3,2016,57,0,0.19,0,0
3/10/2016,35,13,17,74.11,24,17.5,6.5,8.5,12,0.685714286,3,10,3,2016,75,0,0.21,0,0
3/12/2016,99,19,80,54.33,29,24.75,4.75,20,7.25,0.292929293,5,10,3,2016,56,0,0.13,0,0
3/13/2016,123,20,103,60.07,38,30.75,5,25.75,9.5,0.308943089,6,10,3,2016,60,0,0.19,0,0
3/15/2016,22,10,12,55.43,0,11,5,6,0,0,1,11,3,2016,54,0.0002,0.54,0,1
3/17/2016,22,14,8,58.58,18,11,7,4,9,0.818181818,3,11,3,2016,59,0.0009,0.26,0,1
3/19/2016,119,48,68,45.03,58,29.75,12,17,14.5,0.487394958,5,11,3,2016,54,0,0.16,0,0
3/20/2016,84,23,57,41.17,44,21,5.75,14.25,11,0.523809524,6,11,3,2016,57,0.0007,0.42,0,1
3/22/2016,32,26,6,53.41,25,16,13,3,12.5,0.78125,1,12,3,2016,48,0,0.09,0,0
3/24/2016,42,21,21,54.45,24,21,10.5,10.5,12,0.571428571,3,12,3,2016,54,0,0.26,0,0
3/26/2016,93,28,65,49.4,18,23.25,7,16.25,4.5,0.193548387,5,12,3,2016,52,0,0.17,0,0
3/27/2016,120,40,80,51.65,44,30,10,20,11,0.366666667,6,12,3,2016,48,0,0.36,0,0
3/29/2016,12,8,4,52.09,12,6,4,2,6,1,1,13,3,2016,55,0,0.17,0,0
3/31/2016,45,20,25,69.01,28,22.5,10,12.5,14,0.622222222,3,13,3,2016,66,0,0.2,0,0
4/2/2016,74,29,45,62.86,34,18.5,7.25,11.25,8.5,0.459459459,5,13,4,2016,54,0.005,0.51,0,1
4/3/2016,75,31,44,49.12,41,18.75,7.75,11,10.25,0.546666667,6,13,4,2016,39,0.0071,0.34,0,1
4/5/2016,14,8,6,41.6,10,7,4,3,5,0.714285714,1,14,4,2016,44,0,0.15,0,0
4/7/2016,23,22,1,56.98,23,11.5,11,0.5,11.5,1,3,14,4,2016,55,0.0051,0.37,0,1
4/9/2016,9,6,3,42.67,7,2.25,1.5,0.75,1.75,0.777777778,5,14,4,2016,38,0.0028,0.39,0,1
4/10/2016,100,47,53,46.86,60,25,11.75,13.25,15,0.6,6,14,4,2016,48,0,0.17,0,0
4/12/2016,19,15,4,57.64,17,9.5,7.5,2,8.5,0.894736842,1,15,4,2016,54,0.0046,0.26,0,1
4/14/2016,29,17,11,56.13,20,14.5,8.5,5.5,10,0.689655172,3,15,4,2016,54,0,0.12,0,0
4/16/2016,119,31,88,65.2,45,29.75,7.75,22,11.25,0.378151261,5,15,4,2016,64,0,0.09,0,0
4/17/2016,90,24,66,67.02,40,22.5,6,16.5,10,0.444444444,6,15,4,2016,70,0,0.09,0,0
4/19/2016,14,10,4,69.31,13,7,5,2,6.5,0.928571429,1,16,4,2016,70,0,0.14,0,0
4/21/2016,14,10,4,69.6,9,7,5,2,4.5,0.642857143,3,16,4,2016,72,0,0.13,0,0
4/23/2016,362,29,333,68.05,100,90.5,7.25,83.25,25,0.276243094,5,16,4,2016,75,0.0075,0.39,0,1
4/24/2016,95,20,75,62.48,52,23.75,5,18.75,13,0.547368421,6,16,4,2016,62,0,0.09,0,0
4/26/2016,89,82,7,59.87,20,44.5,41,3.5,10,0.224719101,1,17,4,2016,54,0.0082,0.55,0,1
4/28/2016,52,10,42,55.09,17,26,5,21,8.5,0.326923077,3,17,4,2016,57,0,0.23,0,0
4/30/2016,119,46,73,58.4,44,29.75,11.5,18.25,11,0.369747899,5,17,4,2016,60,0.0002,0.36,0,1
5/1/2016,46,18,28,49.91,42,11.5,4.5,7,10.5,0.913043478,6,17,5,2016,52,0.0056,0.7,0,1
5/3/2016,26,21,5,54.41,24,13,10.5,2.5,12,0.923076923,1,18,5,2016,50,0.0209,0.99,0,1
5/5/2016,36,36,0,56.68,36,18,18,0,18,1,3,18,5,2016,57,0,1,0,0
5/7/2016,69,21,48,57.43,20,17.25,5.25,12,5,0.289855072,5,18,5,2016,,0.0005,0.61,0,1
5/8/2016,84,31,53,64.48,39,21,7.75,13.25,9.75,0.464285714,6,18,5,2016,64,0.0044,0.33,0,1
5/10/2016,25,17,8,59.96,23,12.5,8.5,4,11.5,0.92,1,19,5,2016,59,0,0.15,0,0
5/12/2016,18,13,5,72.27,14,9,6.5,2.5,7,0.777777778,3,19,5,2016,76,0,0.14,0,0
5/14/2016,71,25,46,70.65,54,17.75,6.25,11.5,13.5,0.76056338,5,19,5,2016,71,0.0005,0.29,0,1
5/15/2016,95,24,71,57.91,39,23.75,6,17.75,9.75,0.410526316,6,19,5,2016,57,0.0001,0.32,0,1
5/17/2016,32,26,6,63.81,27,16,13,3,13.5,0.84375,1,20,5,2016,60,0,0.33,0,0
5/19/2016,47,19,28,65.21,17,23.5,9.5,14,8.5,0.361702128,3,20,5,2016,64,0,0.38,0,0
5/21/2016,76,40,36,62.99,43,19,10,9,10.75,0.565789474,5,20,5,2016,61,0.0018,0.31,0,1
5/22/2016,69,18,51,67.58,33,17.25,4.5,12.75,8.25,0.47826087,6,20,5,2016,70,0.0044,0.55,0,1
5/24/2016,2,2,0,71.95,2,1,1,0,1,1,1,21,5,2016,70,0.0073,0.55,0,1
5/25/2016,2,2,0,85.77,2,1,1,0,1,1,2,21,5,2016,,0.0001,0.14,0,1
5/26/2016,49,24,25,85.13,25,24.5,12,12.5,12.5,0.510204082,3,21,5,2016,90,0,0.11,0,0
5/28/2016,66,4,62,85.94,4,16.5,1,15.5,1,0.060606061,5,21,5,2016,,0.001,0.19,0,1
5/29/2016,105,9,96,80.38,21,26.25,2.25,24,5.25,0.2,6,21,5,2016,,0,0.15,0,0
5/31/2016,21,14,7,80.16,14,10.5,7,3.5,7,0.666666667,1,22,5,2016,,0,0.24,0,0
6/2/2016,35,11,24,69.85,13,17.5,5.5,12,6.5,0.371428571,3,22,6,2016,72,0,0.19,0,0
6/4/2016,148,26,122,79.07,35,37,6.5,30.5,8.75,0.236486486,5,22,6,2016,80,0.0086,0.46,0,1
6/5/2016,59,31,28,71.07,43,14.75,7.75,7,10.75,0.728813559,6,22,6,2016,70,0.0207,0.62,0,1
6/9/2016,59,19,40,72.05,24,29.5,9.5,20,12,0.406779661,3,23,6,2016,70,0,0.18,0,0
6/11/2016,77,32,45,84.86,23,19.25,8,11.25,5.75,0.298701299,5,23,6,2016,82,0.0007,0.27,0,1
6/12/2016,129,26,103,82.88,28,32.25,6.5,25.75,7,0.217054264,6,23,6,2016,79,0,0.2,0,0
6/14/2016,32,18,14,78.21,21,16,9,7,10.5,0.65625,1,24,6,2016,75,0,0.15,0,0
6/16/2016,42,20,22,73.37,32,21,10,11,16,0.761904762,3,24,6,2016,72,0.0041,0.46,0,1
6/18/2016,135,27,104,81.34,30,33.75,6.75,26,7.5,0.222222222,5,24,6,2016,82,0,0.13,0,0
6/19/2016,131,17,114,78.68,26,32.75,4.25,28.5,6.5,0.198473282,6,24,6,2016,,0,0.19,0,0
6/21/2016,24,10,14,86,12,12,5,7,6,0.5,1,25,6,2016,,0.0001,0.26,0,1
6/23/2016,27,7,20,79.13,14,13.5,3.5,10,7,0.518518519,3,25,6,2016,,0,0.29,0,0
6/25/2016,74,15,59,79.34,19,18.5,3.75,14.75,4.75,0.256756757,5,25,6,2016,81,0,0.11,0,0
6/26/2016,176,30,146,80.77,22,44,7.5,36.5,5.5,0.125,6,25,6,2016,81,0,0.15,0,0
6/28/2016,39,19,20,74.18,28,19.5,9.5,10,14,0.717948718,1,26,6,2016,77,0.0143,0.68,0,1
6/30/2016,43,21,22,81.9,13,21.5,10.5,11,6.5,0.302325581,3,26,6,2016,,0,0.14,0,0
7/2/2016,94,12,82,76.6,11,23.5,3,20.5,2.75,0.117021277,5,26,7,2016,,0,0.21,0,0
7/3/2016,118,15,103,79.27,27,29.5,3.75,25.75,6.75,0.228813559,6,26,7,2016,81,0,0.14,0,0
7/5/2016,52,13,39,87.51,15,26,6.5,19.5,7.5,0.288461538,1,27,7,2016,87,0.0221,0.44,0,1
7/7/2016,20,7,13,87.76,14,10,3.5,6.5,7,0.7,3,27,7,2016,90,0.0035,0.24,0,1
7/9/2016,76,24,52,70.18,24,19,6,13,6,0.315789474,5,27,7,2016,73,0.0062,1,0,1
7/10/2016,132,12,120,79.06,23,33,3,30,5.75,0.174242424,6,27,7,2016,81,0.0026,0.38,0,1
7/12/2016,42,11,31,78.93,17,21,5.5,15.5,8.5,0.404761905,1,28,7,2016,83,0,0.18,0,0
7/14/2016,16,0,16,85.6,2,8,0,8,1,0.125,3,28,7,2016,83,0.0213,0.36,0,1
7/16/2016,107,21,86,85.71,24,26.75,5.25,21.5,6,0.224299065,5,28,7,2016,90,0.0063,0.16,0,1
7/17/2016,78,5,74,88.14,5,19.5,1.25,18.5,1.25,0.064102564,6,28,7,2016,90,0,0.17,0,0
7/19/2016,38,9,29,82.23,13,19,4.5,14.5,6.5,0.342105263,1,29,7,2016,90,0,0.23,0,0
7/21/2016,37,17,20,84.28,17,18.5,8.5,10,8.5,0.459459459,3,29,7,2016,90,0,0.14,0,0
7/23/2016,53,14,39,92.93,15,13.25,3.5,9.75,3.75,0.283018868,5,29,7,2016,93,0,0.16,0,0
7/24/2016,72,21,51,86.45,13,18,5.25,12.75,3.25,0.180555556,6,29,7,2016,90,0,0.09,0,0
7/26/2016,22,5,17,90.07,7,11,2.5,8.5,3.5,0.318181818,1,30,7,2016,95,0,0.17,0,0
7/28/2016,50,20,30,87.17,19,25,10,15,9.5,0.38,3,30,7,2016,95,0,0.2,0,0
7/30/2016,78,9,69,82.06,20,19.5,2.25,17.25,5,0.256410256,5,30,7,2016,80,0.0068,0.31,0,1
7/31/2016,88,23,65,78.65,32,22,5.75,16.25,8,0.363636364,6,30,7,2016,76,0.0173,0.73,0,1
8/2/2016,77,30,47,76.36,33,38.5,15,23.5,16.5,0.428571429,1,31,8,2016,78,0,0.35,0,0
8/4/2016,44,6,38,78.98,12,22,3,19,6,0.272727273,3,31,8,2016,78,0,0.14,0,0
8/6/2016,73,17,56,85.53,23,18.25,4.25,14,5.75,0.315068493,5,31,8,2016,84,0.0005,0.32,0,1
8/7/2016,105,32,73,85.93,38,26.25,8,18.25,9.5,0.361904762,6,31,8,2016,90,0,0.17,0,0
8/9/2016,48,9,39,83.77,17,24,4.5,19.5,8.5,0.354166667,1,32,8,2016,90,0,0.14,0,0
8/11/2016,15,4,11,90.25,6,7.5,2,5.5,3,0.4,3,32,8,2016,91,0.0038,0.26,0,1
8/13/2016,63,11,52,94.16,9,15.75,2.75,13,2.25,0.142857143,5,32,8,2016,91,0,0.19,0,0
8/14/2016,63,20,43,92.13,18,15.75,5,10.75,4.5,0.285714286,6,32,8,2016,95,0.002,0.25,0,1
8/16/2016,60,24,36,85.94,25,30,12,18,12.5,0.416666667,1,33,8,2016,88,0.0029,0.28,0,1
8/18/2016,55,37,18,84.99,38,27.5,18.5,9,19,0.690909091,3,33,8,2016,88,0.0016,0.45,0,1
8/20/2016,86,30,56,81.62,25,21.5,7.5,14,6.25,0.290697674,5,33,8,2016,80,0.0013,0.24,0,1
8/21/2016,113,24,89,83.85,26,28.25,6,22.25,6.5,0.230088496,6,33,8,2016,88,0.0097,0.35,0,1
8/23/2016,52,21,31,79.57,23,26,10.5,15.5,11.5,0.442307692,1,34,8,2016,84,0,0.07,0,0
8/25/2016,66,16,50,82.04,25,33,8,25,12.5,0.378787879,3,34,8,2016,84,0.0002,0.23,0,1
8/27/2016,73,44,29,84.81,31,18.25,11,7.25,7.75,0.424657534,5,34,8,2016,84,0,0.13,0,0
8/28/2016,115,39,76,83.33,31,28.75,9.75,19,7.75,0.269565217,6,34,8,2016,85,0,0.14,0,0
8/30/2016,65,28,37,80.79,34,32.5,14,18.5,17,0.523076923,1,35,8,2016,87,0,0.17,0,0
9/1/2016,30,18,12,77.42,21,15,9,6,10.5,0.7,3,35,9,2016,79,0.0088,0.45,0,1
9/3/2016,105,31,74,75.1,32,26.25,7.75,18.5,8,0.304761905,5,35,9,2016,74,0,0.23,0,0
9/4/2016,128,24,104,79.7,28,32,6,26,7,0.21875,6,35,9,2016,74,0,0.14,0,0
9/6/2016,61,23,38,78.71,26,30.5,11.5,19,13,0.426229508,1,36,9,2016,80,0.0005,0.54,0,1
9/8/2016,49,29,20,84.91,31,24.5,14.5,10,15.5,0.632653061,3,36,9,2016,88,0,0.19,0,0
9/10/2016,112,23,89,86.53,26,28,5.75,22.25,6.5,0.232142857,5,36,9,2016,88,0.0027,0.23,0,1
9/11/2016,103,48,55,81.96,34,25.75,12,13.75,8.5,0.330097087,6,36,9,2016,81,0,0.24,0,0
9/13/2016,41,37,4,77.76,35,20.5,18.5,2,17.5,0.853658537,1,37,9,2016,80,0,0.12,0,0
9/17/2016,92,30,62,74.35,15,23,7.5,15.5,3.75,0.163043478,5,37,9,2016,75,0,0.15,0,0
9/18/2016,83,24,59,80.7,35,20.75,6,14.75,8.75,0.421686747,6,37,9,2016,81,0,0.31,0,0
9/20/2016,46,35,10,80.33,40,23,17.5,5,20,0.869565217,1,38,9,2016,79,0,0.29,0,0
9/22/2016,32,17,15,81.77,19,16,8.5,7.5,9.5,0.59375,3,38,9,2016,83,0,0.13,0,0
9/24/2016,74,30,44,73.05,36,18.5,7.5,11,9,0.486486486,5,38,9,2016,61,0.0126,0.36,0,1
9/25/2016,76,33,43,68.83,25,19,8.25,10.75,6.25,0.328947368,6,38,9,2016,73,0,0.08,0,0
9/27/2016,40,29,11,73.96,36,20,14.5,5.5,18,0.9,1,39,9,2016,72,0.008,0.32,0,1
9/29/2016,18,15,3,64.03,17,9,7.5,1.5,8.5,0.944444444,3,39,9,2016,,0.0003,0.69,0,1
10/1/2016,65,21,44,62.59,21,16.25,5.25,11,5.25,0.323076923,5,39,10,2016,,0,1,0,0
10/2/2016,107,30,77,63.61,46,26.75,7.5,19.25,11.5,0.429906542,6,39,10,2016,65,0.0001,1,0,1
10/4/2016,51,29,20,69.1,34,25.5,14.5,10,17,0.666666667,1,40,10,2016,71,0.0004,0.45,0,1
10/6/2016,29,22,7,70.06,25,14.5,11,3.5,12.5,0.862068966,3,40,10,2016,72,0,0.08,0,0
10/8/2016,51,18,33,68.38,19,12.75,4.5,8.25,4.75,0.37254902,5,40,10,2016,70,0.006,0.34,0,1
10/9/2016,51,27,24,66.51,31,12.75,6.75,6,7.75,0.607843137,6,40,10,2016,55,0.0155,0.52,0,1
10/11/2016,22,17,5,60.43,22,11,8.5,2.5,11,1,1,41,10,2016,,0,0.07,0,0
10/13/2016,28,17,11,65.47,26,14,8.5,5.5,13,0.928571429,3,41,10,2016,,0.0002,0.27,0,1
10/15/2016,83,28,55,63.37,25,20.75,7,13.75,6.25,0.301204819,5,41,10,2016,62,0,0.13,0,0
10/16/2016,113,45,68,69.27,48,28.25,11.25,17,12,0.424778761,6,41,10,2016,65,0,0.19,0,0
10/18/2016,34,27,7,80.69,30,17,13.5,3.5,15,0.882352941,1,42,10,2016,82,0,0.13,0,0
10/20/2016,53,24,29,69.51,25,26.5,12,14.5,12.5,0.471698113,3,42,10,2016,,0,0.42,0,0
10/22/2016,50,21,29,60.6,23,12.5,5.25,7.25,5.75,0.46,5,42,10,2016,46,0.0162,0.7,0,1
10/23/2016,86,15,71,62.55,21,21.5,3.75,17.75,5.25,0.244186047,6,42,10,2016,57,0,0.21,0,0
10/25/2016,35,32,3,51.31,33,17.5,16,1.5,16.5,0.942857143,1,43,10,2016,54,0,0.27,0,0
10/27/2016,25,21,4,56.36,21,12.5,10.5,2,10.5,0.84,3,43,10,2016,,0.0248,0.77,0,1
10/29/2016,50,23,27,63.15,23,12.5,5.75,6.75,5.75,0.46,5,43,10,2016,54,0,0.16,0,0
10/30/2016,83,16,67,73.86,20,20.75,4,16.75,5,0.240963855,6,43,10,2016,73,0.014,0.33,0,1
11/1/2016,38,33,5,58.39,36,19,16.5,2.5,18,0.947368421,1,44,11,2016,60,0,0.18,0,0
11/3/2016,18,13,5,71.09,13,9,6.5,2.5,6.5,0.722222222,3,44,11,2016,70,0,0.22,0,0
11/5/2016,79,18,61,61.98,20,19.75,4.5,15.25,5,0.253164557,5,44,11,2016,59,0,0.12,0,0
11/6/2016,87,52,35,57.18,55,21.75,13,8.75,13.75,0.632183908,6,44,11,2016,58,0,0.14,0,0
11/8/2016,64,42,22,67.15,48,32,21,11,24,0.75,1,45,11,2016,62,0,0.08,0,0
11/10/2016,29,23,6,56.13,25,14.5,11.5,3,12.5,0.862068966,3,45,11,2016,55,0,0.2,0,0
11/12/2016,80,26,54,50.8,31,20,6.5,13.5,7.75,0.3875,5,45,11,2016,49,0,0.08,0,0
11/13/2016,114,38,76,60.13,42,28.5,9.5,19,10.5,0.368421053,6,45,11,2016,58,0,0.09,0,0
11/15/2016,34,24,10,54.93,32,17,12,5,16,0.941176471,1,46,11,2016,52,0.0416,0.63,0,1
11/17/2016,27,20,7,61.59,19,13.5,10,3.5,9.5,0.703703704,3,46,11,2016,61,0,0.12,0,0
11/19/2016,128,54,74,59.1,56,32,13.5,18.5,14,0.4375,5,46,11,2016,60,0.0026,0.17,0,1
11/20/2016,11,5,6,41.87,5,2.75,1.25,1.5,1.25,0.454545455,6,46,11,2016,41,0.0113,0.9,0,1
11/22/2016,24,16,8,41.15,17,12,8,4,8.5,0.708333333,1,47,11,2016,42,0,0.26,0,0
11/29/2016,9,9,0,59.18,9,4.5,4.5,0,4.5,1,1,48,11,2016,58,0.0389,0.65,0,1
12/1/2016,17,17,0,53.84,14,8.5,8.5,0,7,0.823529412,3,48,12,2016,49,0.0052,0.36,0,1
12/3/2016,15,10,5,47.12,11,3.75,2.5,1.25,2.75,0.733333333,5,48,12,2016,47,0,0.33,0,0
12/4/2016,53,33,20,46.01,28,13.25,8.25,5,7,0.528301887,6,48,12,2016,46,0,0.22,0,0
12/6/2016,28,21,7,45.58,24,14,10.5,3.5,12,0.857142857,1,49,12,2016,45,0.0116,0.26,0,1
12/8/2016,22,17,5,43.19,18,11,8.5,2.5,9,0.818181818,3,49,12,2016,41,0,0.27,0,0
12/10/2016,46,32,14,35.42,26,11.5,8,3.5,6.5,0.565217391,5,49,12,2016,36,0,0.18,0,0
12/11/2016,55,13,42,35.42,13,13.75,3.25,10.5,3.25,0.236363636,6,49,12,2016,33,0.0006,0.38,1,0
12/13/2016,13,13,0,42.1,11,6.5,6.5,0,5.5,0.846153846,1,50,12,2016,44,0,0.19,0,0
12/15/2016,8,2,6,34.19,2,4,1,3,1,0.25,3,50,12,2016,24,0,0.25,0,0
12/17/2016,12,10,2,37.49,10,3,2.5,0.5,2.5,0.833333333,5,50,12,2016,34,0.0168,0.88,1,0
12/18/2016,51,29,20,56.52,32,12.75,7.25,5,8,0.62745098,6,50,12,2016,57,0.0019,0.51,0,1
12/20/2016,13,9,4,33.22,10,6.5,4.5,2,5,0.769230769,1,51,12,2016,33,0,0.05,0,0
12/22/2016,39,21,18,48.76,28,19.5,10.5,9,14,0.717948718,3,51,12,2016,45,0,0.28,0,0
1/3/2017,11,7,4,44.01,11,5.5,3.5,2,5.5,1,1,1,1,2017,44,0.0145,1,0,1
1/5/2017,15,9,6,34.05,13,7.5,4.5,3,6.5,0.866666667,3,1,1,2017,32,0,0.23,0,0
1/7/2017,15,13,2,25.97,11,3.75,3.25,0.5,2.75,0.733333333,5,1,1,2017,21,0.0076,0.48,1,0
1/8/2017,11,7,4,24.74,6,2.75,1.75,1,1.5,0.545454545,6,1,1,2017,22,0,0.21,0,0
1/10/2017,20,20,0,44.42,20,10,10,0,10,1,1,2,1,2017,35,0,0.3,0,0
1/12/2017,34,26,8,62.14,26,17,13,4,13,0.764705882,3,2,1,2017,62,0.0039,0.4,0,1
1/14/2017,37,13,24,32.34,19,9.25,3.25,6,4.75,0.513513514,5,2,1,2017,33,0.0023,0.28,1,0
1/15/2017,68,32,36,39.06,41,17,8,9,10.25,0.602941176,6,2,1,2017,37,0,0.18,0,0
1/17/2017,14,12,2,40.34,14,7,6,1,7,1,1,3,1,2017,40,0.0131,0.99,0,1
1/19/2017,40,34,6,47.09,34,20,17,3,17,0.85,3,3,1,2017,44,0,0.37,0,0
1/21/2017,68,19,49,45.8,25,17,4.75,12.25,6.25,0.367647059,5,3,1,2017,44,0,0.57,0,0
1/22/2017,43,15,28,47.83,18,10.75,3.75,7,4.5,0.418604651,6,3,1,2017,43,0.0005,0.88,0,1
1/24/2017,21,16,5,39.94,21,10.5,8,2.5,10.5,1,1,4,1,2017,39,0.0311,0.97,0,1
1/26/2017,36,26,10,52.83,28,18,13,5,14,0.777777778,3,4,1,2017,47,0.0007,0.47,0,1
1/28/2017,67,38,27,37.42,23,16.75,9.5,6.75,5.75,0.343283582,5,4,1,2017,37,0,0.62,0,0
1/29/2017,80,37,43,41.98,47,20,9.25,10.75,11.75,0.5875,6,4,1,2017,41,0,0.24,0,0
1/31/2017,10,10,0,32.23,10,5,5,0,5,1,1,5,1,2017,30,0.001,0.47,1,0
2/2/2017,24,21,3,42.85,19,12,10.5,1.5,9.5,0.791666667,3,5,2,2017,44,0,0.29,0,0
2/4/2017,73,21,52,34.04,21,18.25,5.25,13,5.25,0.287671233,5,5,2,2017,31,0,0.11,0,0
2/5/2017,47,15,32,41.23,15,11.75,3.75,8,3.75,0.319148936,6,5,2,2017,36,0,0.34,0,0
2/7/2017,23,18,5,40.76,23,11.5,9,2.5,11.5,1,1,6,2,2017,40,0.0072,0.61,0,1
2/11/2017,37,15,22,45.24,19,9.25,3.75,5.5,4.75,0.513513514,5,6,2,2017,43,0,0.3,0,0
2/12/2017,19,12,7,39.4,13,4.75,3,1.75,3.25,0.684210526,6,6,2,2017,33,0.0107,0.55,1,0
2/14/2017,27,16,10,39.9,15,13.5,8,5,7.5,0.555555556,1,7,2,2017,41,0,0.08,0,0
2/16/2017,26,23,3,35.93,26,13,11.5,1.5,13,1,3,7,2,2017,35,0,0.28,0,0
2/18/2017,121,30,91,61.63,28,30.25,7.5,22.75,7,0.231404959,5,7,2,2017,60,0,0.13,0,0
2/19/2017,124,28,96,64.6,31,31,7,24,7.75,0.25,6,7,2,2017,63,0,0.13,0,0
2/21/2017,76,50,27,43.63,41,38,25,13.5,20.5,0.539473684,1,8,2,2017,45,0,0.18,0,0
2/23/2017,74,49,25,59.9,42,37,24.5,12.5,21,0.567567568,3,8,2,2017,60,0,0.23,0,0
2/25/2017,115,42,74,61.1,41,28.75,10.5,18.5,10.25,0.356521739,5,8,2,2017,61,0.0093,0.41,0,1
2/26/2017,64,18,46,45.09,22,16,4.5,11.5,5.5,0.34375,6,8,2,2017,44,0,0.31,0,0
2/28/2017,20,16,4,55.69,20,10,8,2,10,1,1,9,2,2017,56,0,0.47,0,0
3/2/2017,24,17,7,60.29,19,12,8.5,3.5,9.5,0.791666667,3,9,3,2017,42,0.0001,0.17,0,1
3/4/2017,41,16,25,29.12,17,10.25,4,6.25,4.25,0.414634146,5,9,3,2017,30,0,0.22,0,0
3/5/2017,84,32,52,37.13,39,21,8,13,9.75,0.464285714,6,9,3,2017,32,0,0.07,0,0
3/7/2017,40,35,5,53.09,37,20,17.5,2.5,18.5,0.925,1,10,3,2017,49,0.0034,0.64,0,1
3/9/2017,46,29,17,60.31,33,23,14.5,8.5,16.5,0.717391304,3,10,3,2017,61,0,0.17,0,0
3/11/2017,34,19,15,28.31,18,8.5,4.75,3.75,4.5,0.529411765,5,10,3,2017,28,0,0.33,0,0
3/12/2017,80,25,52,29.89,21,20,6.25,13,5.25,0.2625,6,10,3,2017,29,0,0.18,0,0
3/16/2017,19,13,6,39.78,13,9.5,6.5,3,6.5,0.684210526,3,11,3,2017,40,0,0.17,0,0
3/18/2017,45,22,23,37.44,29,11.25,5.5,5.75,7.25,0.644444444,5,11,3,2017,38,0.0016,0.44,0,1
3/19/2017,71,40,29,47.25,50,17.75,10,7.25,12.5,0.704225352,6,11,3,2017,42,0,0.22,0,0
3/21/2017,17,17,0,56.25,17,8.5,8.5,0,8.5,1,1,12,3,2017,58,0,0.35,0,0
3/23/2017,16,11,5,42.68,11,8,5.5,2.5,5.5,0.6875,3,12,3,2017,40,0,0.06,0,0
3/25/2017,116,28,88,57.84,36,29,7,22,9,0.310344828,5,12,3,2017,58,0.0004,0.3,0,1
3/26/2017,83,37,46,43.69,39,20.75,9.25,11.5,9.75,0.469879518,6,12,3,2017,40,0.0023,1,0,1
3/28/2017,18,15,3,47.69,18,9,7.5,1.5,9,1,1,13,3,2017,45,0.0248,0.92,0,1
3/30/2017,39,27,13,47.83,23,19.5,13.5,6.5,11.5,0.58974359,3,13,3,2017,49,0.0001,0.22,0,1
4/1/2017,70,37,33,47.15,29,17.5,9.25,8.25,7.25,0.414285714,5,13,4,2017,45,0.001,0.84,0,1
4/2/2017,95,41,56,61.27,50,23.75,10.25,14,12.5,0.526315789,6,13,4,2017,55,0,0.18,0,0
4/4/2017,19,18,1,50.97,17,9.5,9,0.5,8.5,0.894736842,1,14,4,2017,49,0.0292,1,0,1
4/8/2017,59,21,38,55.84,25,14.75,5.25,9.5,6.25,0.423728814,5,14,4,2017,52,0,0.22,0,0
4/9/2017,80,29,47,60.42,17,20,7.25,11.75,4.25,0.2125,6,14,4,2017,59,0,0.09,0,0
4/11/2017,53,13,40,74.59,12,26.5,6.5,20,6,0.226415094,1,15,4,2017,79,0,0.09,0,0
4/13/2017,78,30,48,63.01,24,39,15,24,12,0.307692308,3,15,4,2017,59,0,0.12,0,0
4/15/2017,95,28,67,59.76,25,23.75,7,16.75,6.25,0.263157895,5,15,4,2017,59,0,0.32,0,0
4/16/2017,117,20,97,78.87,17,29.25,5,24.25,4.25,0.145299145,6,15,4,2017,81,0.0004,0.23,0,1
4/18/2017,46,19,27,59.09,15,23,9.5,13.5,7.5,0.326086957,1,16,4,2017,63,0,0.13,0,0
4/20/2017,26,21,5,63.5,21,13,10.5,2.5,10.5,0.807692308,3,16,4,2017,61,0.0052,0.55,0,1
4/22/2017,59,33,26,54.92,31,14.75,8.25,6.5,7.75,0.525423729,5,16,4,2017,56,0.0019,0.64,0,1
4/23/2017,133,51,82,59.59,39,33.25,12.75,20.5,9.75,0.293233083,6,16,4,2017,61,0,0.12,0,0
4/25/2017,14,8,6,55.66,12,7,4,3,6,0.857142857,1,17,4,2017,56,0.0217,1,0,1
4/27/2017,27,19,9,64.93,22,13.5,9.5,4.5,11,0.814814815,3,17,4,2017,68,0.0002,0.76,0,1
4/29/2017,82,16,66,81.23,29,20.5,4,16.5,7.25,0.353658537,5,17,4,2017,79,0.0029,0.23,0,1
4/30/2017,76,28,48,69.54,25,19,7,12,6.25,0.328947368,6,17,4,2017,63,0,0.53,0,0
5/2/2017,42,24,18,70.8,20,21,12,9,10,0.476190476,1,18,5,2017,74,0.0016,0.34,0,1
5/4/2017,31,22,9,58.14,26,15.5,11,4.5,13,0.838709677,3,18,5,2017,58,0,0.16,0,0
5/6/2017,77,23,52,62.1,31,19.25,5.75,13,7.75,0.402597403,5,18,5,2017,63,0.0024,0.44,0,1
5/7/2017,113,64,49,53.77,54,28.25,16,12.25,13.5,0.477876106,6,18,5,2017,54,0.0003,0.49,0,1
5/9/2017,37,20,17,59.63,23,18.5,10,8.5,11.5,0.621621622,1,19,5,2017,63,0,0.23,0,0
5/11/2017,34,28,7,59.29,32,17,14,3.5,16,0.941176471,3,19,5,2017,60,0,0.16,0,0
5/13/2017,5,2,3,52.37,4,1.25,0.5,0.75,1,0.8,5,19,5,2017,51,0.0419,0.77,0,1
5/14/2017,77,47,30,64.34,31,19.25,11.75,7.5,7.75,0.402597403,6,19,5,2017,65,0.0025,0.37,0,1
5/16/2017,27,21,6,76.18,18,13.5,10.5,3,9,0.666666667,1,20,5,2017,79,0,0.1,0,0
5/18/2017,31,17,14,87.64,15,15.5,8.5,7,7.5,0.483870968,3,20,5,2017,91,0,0.15,0,0
5/20/2017,89,45,39,69.32,26,22.25,11.25,9.75,6.5,0.292134831,5,20,5,2017,62,0.0002,0.32,0,1
5/21/2017,113,41,71,63.01,25,28.25,10.25,17.75,6.25,0.221238938,6,20,5,2017,64,0,0.18,0,0
5/23/2017,16,16,0,66.19,16,8,8,0,8,1,1,21,5,2017,68,0,0.21,0,0
5/25/2017,8,5,3,58.72,2,4,2.5,1.5,1,0.25,3,21,5,2017,59,0.0178,0.81,0,1
5/27/2017,55,14,40,71.2,4,13.75,3.5,10,1,0.072727273,5,21,5,2017,71,0,0.37,0,0
5/28/2017,92,31,61,67.39,13,23,7.75,15.25,3.25,0.141304348,6,21,5,2017,69,0,0.28,0,0
5/30/2017,25,15,10,58.2,20,12.5,7.5,5,10,0.8,1,22,5,2017,57,0.0024,1,0,1
6/1/2017,21,14,7,77.03,17,10.5,7,3.5,8.5,0.80952381,3,22,6,2017,81,0.0005,0.25,0,1
6/3/2017,96,29,65,72.82,22,24,7.25,16.25,5.5,0.229166667,5,22,6,2017,69,0.0004,0.22,0,1
6/4/2017,37,15,22,66.42,11,9.25,3.75,5.5,2.75,0.297297297,6,22,6,2017,66,0.0007,0.27,0,1
6/6/2017,27,14,13,60.72,26,13.5,7,6.5,13,0.962962963,1,23,6,2017,57,0.0028,1,0,1
6/8/2017,50,18,32,67.31,20,25,9,16,10,0.4,3,23,6,2017,65,0,0.13,0,0
6/10/2017,87,23,64,81.26,12,21.75,5.75,16,3,0.137931034,5,23,6,2017,81,0,0.19,0,0
6/11/2017,66,26,40,86.09,19,16.5,6.5,10,4.75,0.287878788,6,23,6,2017,88,0,0.13,0,0
6/13/2017,13,13,0,90.31,13,6.5,6.5,0,6.5,1,1,24,6,2017,93,0,0.2,0,0
6/15/2017,29,14,15,71.74,16,14.5,7,7.5,8,0.551724138,3,24,6,2017,73,0,0.22,0,0
6/17/2017,45,10,35,71.1,12,11.25,2.5,8.75,3,0.266666667,5,24,6,2017,69,0.0265,0.98,0,1
6/18/2017,86,30,56,82.31,41,21.5,7.5,14,10.25,0.476744186,6,24,6,2017,87,0,0.44,0,0
6/20/2017,32,13,18,81.71,11,16,6.5,9,5.5,0.34375,1,25,6,2017,87,0.0024,0.29,0,1
6/22/2017,36,8,28,80.51,19,18,4,14,9.5,0.527777778,3,25,6,2017,78,0,0.17,0,0
6/24/2017,94,27,67,83.85,27,23.5,6.75,16.75,6.75,0.287234043,5,25,6,2017,81,0.0405,0.29,0,1
6/25/2017,96,29,67,80.25,8,24,7.25,16.75,2,0.083333333,6,25,6,2017,81,0.0003,0.29,0,1
7/6/2017,33,26,7,76.11,28,16.5,13,3.5,14,0.848484848,3,27,7,2017,76,0,0.33,0,0
7/8/2017,83,15,68,82.48,23,20.75,3.75,17,5.75,0.277108434,5,27,7,2017,85,0.0007,0.26,0,1
7/9/2017,60,14,46,81.56,16,15,3.5,11.5,4,0.266666667,6,27,7,2017,78,0,0.17,0,0
7/11/2017,39,25,14,84.29,26,19.5,12.5,7,13,0.666666667,1,28,7,2017,86,0.0016,0.35,0,1
7/13/2017,13,5,8,88.13,7,6.5,2.5,4,3.5,0.538461538,3,28,7,2017,92,0.0026,0.25,0,1
7/15/2017,78,17,61,83.27,22,19.5,4.25,15.25,5.5,0.282051282,5,28,7,2017,84,0.0004,0.46,0,1
7/16/2017,70,9,61,82.36,16,17.5,2.25,15.25,4,0.228571429,6,28,7,2017,81,0,0.15,0,0
7/18/2017,27,17,16,83.91,22,13.5,8.5,8,11,0.814814815,1,29,7,2017,84,0,0.21,0,0
7/20/2017,16,15,1,90.28,12,8,7.5,0.5,6,0.75,3,29,7,2017,93,0.0002,0.18,0,1
7/22/2017,68,13,55,84.58,17,17,3.25,13.75,4.25,0.25,5,29,7,2017,87,0.0017,0.23,0,1
7/23/2017,117,33,84,77.76,29,29.25,8.25,21,7.25,0.247863248,6,29,7,2017,76,0.0134,0.63,0,1
7/25/2017,74,19,55,70.62,21,37,9.5,27.5,10.5,0.283783784,1,30,7,2017,71,0.0001,0.76,0,1
7/27/2017,20,13,7,76.24,15,10,6.5,3.5,7.5,0.75,3,30,7,2017,76,0,0.32,0,0
7/29/2017,46,6,40,76.52,6,11.5,1.5,10,1.5,0.130434783,5,30,7,2017,72,0.0005,0.37,0,1
7/30/2017,128,26,102,81.1,17,32,6.5,25.5,4.25,0.1328125,6,30,7,2017,80,0,0.1,0,0
8/1/2017,32,9,23,85.88,13,16,4.5,11.5,6.5,0.40625,1,31,8,2017,88,0,0.04,0,0
8/3/2017,51,19,32,82.7,25,25.5,9.5,16,12.5,0.490196078,3,31,8,2017,83,0.0001,0.2,0,1
8/5/2017,100,34,64,77.65,33,25,8.5,16,8.25,0.33,5,31,8,2017,78,0.0104,0.38,0,1
8/6/2017,143,30,113,74.97,26,35.75,7.5,28.25,6.5,0.181818182,6,31,8,2017,75,0,0.12,0,0
8/8/2017,35,23,12,79.25,18,17.5,11.5,6,9,0.514285714,1,32,8,2017,80,0.0001,0.41,0,1
8/10/2017,47,21,25,81.66,19,23.5,10.5,12.5,9.5,0.404255319,3,32,8,2017,83,0,0.13,0,0
8/12/2017,82,27,55,75.63,18,20.5,6.75,13.75,4.5,0.219512195,5,32,8,2017,74,0.0078,0.43,0,1
8/13/2017,70,33,37,82.22,16,17.5,8.25,9.25,4,0.228571429,6,32,8,2017,82,0,0.25,0,0
8/15/2017,34,20,14,73.87,22,17,10,7,11,0.647058824,1,33,8,2017,73,0.0116,0.48,0,1
8/17/2017,43,18,24,78.62,19,21.5,9,12,9.5,0.441860465,3,33,8,2017,83,0,0.23,0,0
8/19/2017,102,60,42,84.33,29,25.5,15,10.5,7.25,0.284313725,5,33,8,2017,83,0,0.23,0,0
8/20/2017,94,9,85,82.08,5,23.5,2.25,21.25,1.25,0.053191489,6,33,8,2017,80,0,0.17,0,0
8/22/2017,31,20,11,87.56,21,15.5,10,5.5,10.5,0.677419355,1,34,8,2017,90,0.0005,0.26,0,1
8/24/2017,52,31,21,78.31,29,26,15.5,10.5,14.5,0.557692308,3,34,8,2017,80,0,0.16,0,0
8/26/2017,104,13,91,76.04,15,26,3.25,22.75,3.75,0.144230769,5,34,8,2017,74,0,0.14,0,0
8/27/2017,91,14,77,75.56,17,22.75,3.5,19.25,4.25,0.186813187,6,34,8,2017,77,0,0.13,0,0
8/29/2017,24,14,10,67.74,14,12,7,5,7,0.583333333,1,35,8,2017,66,0.008,0.41,0,1
8/31/2017,54,16,37,79.96,19,27,8,18.5,9.5,0.351851852,3,35,8,2017,82,0.0002,0.21,0,1
9/2/2017,71,39,32,66.2,25,17.75,9.75,8,6.25,0.352112676,5,35,9,2017,66,0.0107,0.23,0,1
9/3/2017,25,15,10,70.08,13,6.25,3.75,2.5,3.25,0.52,6,35,9,2017,66,0.016,0.61,0,1
9/5/2017,52,27,25,83.94,25,26,13.5,12.5,12.5,0.480769231,1,36,9,2017,87,0.0014,0.25,0,1
9/7/2017,33,27,6,71.94,17,16.5,13.5,3,8.5,0.515151515,3,36,9,2017,71,0.0028,0.31,0,1
9/8/2017,77,44,33,70.58,37,38.5,22,16.5,18.5,0.480519481,4,36,9,2017,71,0,0.21,0,0
9/10/2017,117,48,69,72.02,59,29.25,12,17.25,14.75,0.504273504,6,36,9,2017,74,0,0.15,0,0
9/12/2017,25,15,10,79.12,13,12.5,7.5,5,6.5,0.52,1,37,9,2017,80,0,0.11,0,0
9/14/2017,31,19,12,79.5,17,15.5,9.5,6,8.5,0.548387097,3,37,9,2017,80,0.0006,0.41,0,1
9/16/2017,56,44,12,77.9,34,14,11,3,8.5,0.607142857,5,37,9,2017,78,0,0.23,0,0
9/17/2017,59,29,30,77.37,18,14.75,7.25,7.5,4.5,0.305084746,6,37,9,2017,79,0,0.34,0,0
9/19/2017,14,14,0,75.79,12,7,7,0,6,0.857142857,1,38,9,2017,77,0.0064,0.74,0,1
9/21/2017,47,32,15,79.62,27,23.5,16,7.5,13.5,0.574468085,3,38,9,2017,79,0,0.13,0,0
9/23/2017,72,20,52,86.5,12,18,5,13,3,0.166666667,5,38,9,2017,83,0,0.12,0,0
9/24/2017,37,13,24,87.68,10,9.25,3.25,6,2.5,0.27027027,6,38,9,2017,90,0,0.03,0,0
9/26/2017,15,15,0,76.76,10,7.5,7.5,0,5,0.666666667,1,39,9,2017,79,0,0.13,0,0
9/28/2017,11,11,0,76,6,5.5,5.5,0,3,0.545454545,3,39,9,2017,80,0,0.19,0,0
9/30/2017,94,37,57,63.29,18,23.5,9.25,14.25,4.5,0.191489362,5,39,9,2017,63,0.0002,0.43,0,1
10/1/2017,86,53,63,66.83,31,21.5,13.25,15.75,7.75,0.360465116,6,39,10,2017,65,0,0.13,0,0
10/3/2017,11,6,5,67.43,8,5.5,3,2.5,4,0.727272727,1,40,10,2017,68,0,0.16,0,0
10/7/2017,96,30,65,76.97,26,24,7.5,16.25,6.5,0.270833333,5,40,10,2017,77,0,0.21,0,0
10/8/2017,45,20,25,76.51,11,11.25,5,6.25,2.75,0.244444444,6,40,10,2017,76,0.0071,0.5,0,1
10/10/2017,52,15,37,79.8,15,26,7.5,18.5,7.5,0.288461538,1,41,10,2017,81,0,0.16,0,0
10/12/2017,16,11,5,64.58,9,8,5.5,2.5,4.5,0.5625,3,41,10,2017,70,0.0028,0.46,0,1
10/14/2017,39,19,20,70.33,17,9.75,4.75,5,4.25,0.435897436,5,41,10,2017,67,0.002,0.88,0,1
10/15/2017,129,42,83,71.63,50,32.25,10.5,20.75,12.5,0.387596899,6,41,10,2017,72,0,0.76,0,0
10/17/2017,40,20,20,58.67,25,20,10,10,12.5,0.625,1,42,10,2017,58,0,0.05,0,0
10/19/2017,16,14,2,69.95,14,8,7,1,7,0.875,3,42,10,2017,69,0,0.05,0,0
10/21/2017,72,22,50,75.97,23,18,5.5,12.5,5.75,0.319444444,5,42,10,2017,74,0,0.12,0,0
10/22/2017,149,53,98,72.01,49,37.25,13.25,24.5,12.25,0.32885906,6,42,10,2017,75,0,0.12,0,0
10/24/2017,23,21,4,72.07,19,11.5,10.5,2,9.5,0.826086957,1,43,10,2017,70,0.0111,0.57,0,1
10/26/2017,26,20,6,58.94,26,13,10,3,13,1,3,43,10,2017,57,0.0001,0.42,0,1
10/28/2017,47,28,19,66.69,26,11.75,7,4.75,6.5,0.553191489,5,43,10,2017,68,0,0.17,0,0
10/29/2017,5,0,5,66.19,3,1.25,0,1.25,0.75,0.6,6,43,10,2017,62,0.0819,0.92,0,1
10/31/2017,15,9,6,56.29,11,7.5,4.5,3,5.5,0.733333333,1,44,10,2017,58,0,0.13,0,0
11/2/2017,20,11,9,70.45,9,10,5.5,4.5,4.5,0.45,3,44,11,2017,71,0,0.32,0,0
11/4/2017,54,26,28,56.21,27,13.5,6.5,7,6.75,0.5,5,44,11,2017,56,0,0.14,0,0
11/5/2017,50,24,26,61.18,19,12.5,6,6.5,4.75,0.38,6,44,11,2017,61,0.0019,0.91,0,1
11/7/2017,20,19,1,48.44,19,10,9.5,0.5,9.5,0.95,1,45,11,2017,48,0.0219,0.33,0,1
11/9/2017,32,15,17,53.59,18,16,7.5,8.5,9,0.5625,3,45,11,2017,54,0,0.35,0,0
11/11/2017,48,15,33,37.68,19,12,3.75,8.25,4.75,0.395833333,5,45,11,2017,38,0,0.09,0,0
11/12/2017,87,63,24,46.05,62,21.75,15.75,6,15.5,0.712643678,6,45,11,2017,46,0,0.14,0,0
11/14/2017,38,33,5,46.13,32,19,16.5,2.5,16,0.842105263,1,46,11,2017,47,0,0.28,0,0
11/16/2017,25,17,8,56.32,17,12.5,8.5,4,8.5,0.68,3,46,11,2017,53,0.0065,0.44,0,1
11/18/2017,57,37,20,52.45,30,14.25,9.25,5,7.5,0.526315789,5,46,11,2017,50,0.0048,0.26,0,1
11/19/2017,91,42,49,58.14,48,22.75,10.5,12.25,12,0.527472527,6,46,11,2017,51,0.0079,0.47,0,1
11/21/2017,29,27,2,57.38,29,14.5,13.5,1,14.5,1,1,47,11,2017,59,0,0.12,0,0
11/28/2017,26,18,8,51.92,24,13,9,4,12,0.923076923,1,48,11,2017,52,0,0.14,0,0
11/30/2017,26,26,0,50.76,26,13,13,0,13,1,3,48,11,2017,41,0.0002,0.2,0,1
12/2/2017,45,24,21,47.01,26,11.25,6,5.25,6.5,0.577777778,5,48,12,2017,49,0,0.16,0,0
12/3/2017,68,33,35,48.47,25,17,8.25,8.75,6.25,0.367647059,6,48,12,2017,48,0,0.38,0,0
12/5/2017,38,38,0,59.58,36,19,19,0,18,0.947368421,1,49,12,2017,60,0.0128,0.63,0,1
12/7/2017,28,20,8,44.24,28,14,10,4,14,1,3,49,12,2017,45,0,0.2,0,0
12/9/2017,6,0,6,35.77,0,1.5,0,1.5,0,0,5,49,12,2017,32,0.0097,0.83,1,0
12/10/2017,52,25,27,38.99,24,13,6.25,6.75,6,0.461538462,6,49,12,2017,40,0,0.25,0,0
12/12/2017,22,15,7,49.71,20,11,7.5,3.5,10,0.909090909,1,50,12,2017,45,0.0002,0.63,0,1
12/14/2017,13,11,2,31.93,8,6.5,5.5,1,4,0.615384615,3,50,12,2017,33,0.0022,0.34,1,0
12/16/2017,38,16,20,38.83,18,9.5,4,5,4.5,0.473684211,5,50,12,2017,33,0,0.34,0,0
12/17/2017,29,21,8,36.94,13,7.25,5.25,2,3.25,0.448275862,6,50,12,2017,39,0,0.47,0,0
12/19/2017,21,18,3,53.94,21,10.5,9,1.5,10.5,1,1,51,12,2017,55,0,0.35,0,0
12/21/2017,10,1,9,40.11,8,5,0.5,4.5,4,0.8,3,51,12,2017,41,0,0.16,0,0
1/2/2018,20,3,17,25.62,3,10,1.5,8.5,1.5,0.15,1,1,1,2018,28,0,0.13,0,0
1/6/2018,14,0,14,13.95,9,3.5,0,3.5,2.25,0.642857143,5,1,1,2018,16,0.0006,0.1,1,0
1/7/2018,13,7,6,18.25,13,3.25,1.75,1.5,3.25,1,6,1,1,2018,17,0,0.16,0,0
1/9/2018,50,36,14,42.72,41,25,18,7,20.5,0.82,1,2,1,2018,45,0,0.19,0,0
1/11/2018,30,22,8,47.87,30,15,11,4,15,1,3,2,1,2018,48,0,0.4,0,0
1/13/2018,25,10,15,54.98,8,6.25,2.5,3.75,2,0.32,5,2,1,2018,34,0.0036,0.29,0,1
1/14/2018,37,27,10,25.19,23,9.25,6.75,2.5,5.75,0.621621622,6,2,1,2018,25,0,0.1,0,0
1/16/2018,39,33,6,36.27,34,19.5,16.5,3,17,0.871794872,1,3,1,2018,37,0,0.5,0,0
1/18/2018,32,19,13,32.61,23,16,9.5,6.5,11.5,0.71875,3,3,1,2018,33,0,0.06,0,0
1/20/2018,77,33,44,49.87,27,19.25,8.25,11,6.75,0.350649351,5,3,1,2018,51,0,0.12,0,0
1/21/2018,75,41,34,50.63,27,18.75,10.25,8.5,6.75,0.36,6,3,1,2018,49,0,0.21,0,0
1/23/2018,19,17,2,56.38,17,9.5,8.5,1,8.5,0.894736842,1,4,1,2018,55,0.0093,0.51,0,1
1/25/2018,26,20,6,34,18,13,10,3,9,0.692307692,3,4,1,2018,34,0,0.1,0,0
1/27/2018,75,46,29,53.16,44,18.75,11.5,7.25,11,0.586666667,5,4,1,2018,49,0,0.14,0,0
1/28/2018,72,48,24,52.49,30,18,12,6,7.5,0.416666667,6,4,1,2018,49,0.0074,0.55,0,1
1/30/2018,34,32,2,35.15,29,17,16,1,14.5,0.852941176,1,5,1,2018,36,0.0018,0.6,1,0
2/1/2018,20,15,5,42.5,15,10,7.5,2.5,7.5,0.75,3,5,2,2018,42,0.0006,0.35,0,1
2/3/2018,31,15,16,30.07,21,7.75,3.75,4,5.25,0.677419355,5,5,2,2018,26,0,0.16,0,0
2/4/2018,34,26,8,44.33,20,8.5,6.5,2,5,0.588235294,6,5,2,2018,40,0.023,0.71,0,1
2/6/2018,35,32,3,35.91,32,17.5,16,1.5,16,0.914285714,1,6,2,2018,36,0,0.27,0,0
2/8/2018,34,30,4,32.43,32,17,15,2,16,0.941176471,3,6,2,2018,34,0,0.24,0,0
2/10/2018,17,7,10,47.37,8,4.25,1.75,2.5,2,0.470588235,5,6,2,2018,46,0.0149,0.53,0,1
2/11/2018,25,17,8,57.6,16,6.25,4.25,2,4,0.64,6,6,2,2018,49,0.0267,1,0,1
2/13/2018,16,15,1,35.87,16,8,7.5,0.5,8,1,1,7,2,2018,39,0,0.18,0,0
2/15/2018,33,23,10,57.77,31,16.5,11.5,5,15.5,0.939393939,3,7,2,2018,54,0.0046,0.45,0,1
2/17/2018,42,22,20,36.15,27,10.5,5.5,5,6.75,0.642857143,5,7,2,2018,39,0.0158,0.26,1,0
2/18/2018,77,41,36,44.31,33,19.25,10.25,9,8.25,0.428571429,6,7,2,2018,47,0.0012,0.25,0,1
2/24/2018,36,22,14,52.5,24,9,5.5,3.5,6,0.666666667,5,8,2,2018,54,0.0026,0.52,0,1
2/25/2018,58,43,14,43.6,47,14.5,10.75,3.5,11.75,0.810344828,6,8,2,2018,41,0.0298,1,0,1
2/27/2018,26,16,10,53.57,16,13,8,5,8,0.615384615,1,9,2,2018,53,0,0.02,0,0
3/1/2018,25,17,8,57.38,18,12.5,8.5,4,9,0.72,3,9,3,2018,58,0.0079,0.25,0,1
3/3/2018,73,44,29,45.82,35,18.25,11,7.25,8.75,0.479452055,5,9,3,2018,49,0,0.41,0,0
3/4/2018,62,38,24,42.75,42,15.5,9.5,6,10.5,0.677419355,6,9,3,2018,43,0,0.5,0,0
3/6/2018,52,35,17,43.22,43,26,17.5,8.5,21.5,0.826923077,1,10,3,2018,44,0,0.19,0,0
3/8/2018,40,35,5,38.95,38,20,17.5,2.5,19,0.95,3,10,3,2018,38,0,0.36,0,0
3/10/2018,72,51,21,38.33,27,18,12.75,5.25,6.75,0.375,5,10,3,2018,39,0,0.31,0,0
3/11/2018,76,52,26,43.38,35,19,13,6.5,8.75,0.460526316,6,10,3,2018,45,0,0.17,0,0
3/13/2018,38,35,3,39.25,36,19,17.5,1.5,18,0.947368421,1,11,3,2018,39,0.0054,0.54,0,1
3/15/2018,40,35,5,45.37,26,20,17.5,2.5,13,0.65,3,11,3,2018,46,0,0.27,0,0
3/17/2018,95,54,43,46.99,41,23.75,13.5,10.75,10.25,0.431578947,5,11,3,2018,41,0,0.08,0,0
3/18/2018,80,45,32,42.96,39,20,11.25,8,9.75,0.4875,6,11,3,2018,41,0,0.06,0,0
3/20/2018,26,22,4,38.49,23,13,11,2,11.5,0.884615385,1,12,3,2018,36,0.0001,0.32,0,1
3/22/2018,42,36,6,49.63,32,21,18,3,16,0.761904762,3,12,3,2018,47,0.0028,0.27,1,0
3/24/2018,52,28,24,48.61,29,13,7,6,7.25,0.557692308,5,12,3,2018,49,0,0.21,0,0
3/25/2018,74,34,41,42.3,22,18.5,8.5,10.25,5.5,0.297297297,6,12,3,2018,41,0,0.34,0,0
3/27/2018,37,28,9,40.5,21,18.5,14,4.5,10.5,0.567567568,1,13,3,2018,49,0.0001,0.2,0,1
3/29/2018,22,17,5,50.01,17,11,8.5,2.5,8.5,0.772727273,3,13,3,2018,49,0.0007,0.85,0,1
3/31/2018,48,22,26,51.75,12,12,5.5,6.5,3,0.25,5,13,3,2018,50,0,0.12,0,0
4/1/2018,65,41,24,58.03,29,16.25,10.25,6,7.25,0.446153846,6,13,4,2018,58,0,0.53,0,0
4/3/2018,33,24,9,41.2,27,16.5,12,4.5,13.5,0.818181818,1,14,4,2018,40,0.0082,0.78,0,1
4/5/2018,86,52,34,44.34,37,43,26,17,18.5,0.430232558,3,14,4,2018,44,0,0.32,0,0
4/7/2018,67,33,34,50.05,37,16.75,8.25,8.5,9.25,0.552238806,5,14,4,2018,43,0,0.82,0,0
4/8/2018,113,57,56,43.49,68,28.25,14.25,14,17,0.601769912,6,14,4,2018,43,0,0.38,0,0
4/10/2018,37,37,0,48.32,29,18.5,18.5,0,14.5,0.783783784,1,15,4,2018,52,0.0005,0.8,0,1
4/12/2018,22,22,0,58.95,22,11,11,0,11,1,3,15,4,2018,56,0.0001,0.57,0,1
4/14/2018,105,54,51,75.38,53,26.25,13.5,12.75,13.25,0.504761905,5,15,4,2018,42,0.0001,0.23,0,1
4/15/2018,39,24,15,45.6,24,9.75,6,3.75,6,0.615384615,6,15,4,2018,42,0.0091,1,0,1
4/17/2018,42,39,3,45.74,38,21,19.5,1.5,19,0.904761905,1,16,4,2018,44,0.0003,0.91,0,1
4/19/2018,27,25,2,47.14,24,13.5,12.5,1,12,0.888888889,3,16,4,2018,42,0.0084,0.85,0,1
4/21/2018,43,21,22,60.82,13,10.75,5.25,5.5,3.25,0.302325581,5,16,4,2018,56,0,0.1,0,0
4/22/2018,112,50,62,64.02,47,28,12.5,15.5,11.75,0.419642857,6,16,4,2018,61,0.0001,0.06,0,1
4/24/2018,40,30,10,63.39,29,20,15,5,14.5,0.725,1,17,4,2018,62,0.0002,0.44,0,1
4/26/2018,31,24,7,68.29,24,15.5,12,3.5,12,0.774193548,3,17,4,2018,67,0.0033,0.45,0,1
4/28/2018,64,30,34,65.56,17,16,7.5,8.5,4.25,0.265625,5,17,4,2018,62,0.0061,0.63,0,1
4/29/2018,82,61,21,56.98,24,20.5,15.25,5.25,6,0.292682927,6,17,4,2018,58,0.008,0.85,0,1
5/1/2018,31,23,9,79.5,21,15.5,11.5,4.5,10.5,0.677419355,1,18,5,2018,77,0.0024,0.29,0,1
5/3/2018,19,17,2,90.93,17,9.5,8.5,1,8.5,0.894736842,3,18,5,2018,90,0.0017,0.32,0,1
5/5/2018,50,21,25,75.92,7,12.5,5.25,6.25,1.75,0.14,5,18,5,2018,73,0,0.46,0,0
5/6/2018,63,40,20,63.71,37,15.75,10,5,9.25,0.587301587,6,18,5,2018,63,0.0017,0.94,0,1
5/8/2018,29,15,14,69.66,18,14.5,7.5,7,9,0.620689655,1,19,5,2018,70,0,0.1,0,0
5/10/2018,23,18,5,67.06,18,11.5,9,2.5,9,0.782608696,3,19,5,2018,62,0.0052,0.71,0,1
5/12/2018,36,19,17,63.75,17,9,4.75,4.25,4.25,0.472222222,5,19,5,2018,55,0.0115,1,0,1
5/13/2018,32,18,14,54.12,27,8,4.5,3.5,6.75,0.84375,6,19,5,2018,53,0.0102,1,0,1
5/15/2018,13,10,3,87.64,8,6.5,5,1.5,4,0.615384615,1,20,5,2018,85,0.015,0.66,0,1
5/17/2018,19,15,4,70.75,13,9.5,7.5,2,6.5,0.684210526,3,20,5,2018,66,0.0156,0.74,0,1
5/19/2018,27,13,14,56.29,16,6.75,3.25,3.5,4,0.592592593,5,20,5,2018,56,0.0204,1,0,1
5/20/2018,96,49,47,81.05,33,24,12.25,11.75,8.25,0.34375,6,20,5,2018,81,0.001,0.78,0,1
5/22/2018,22,20,2,65.37,14,11,10,1,7,0.636363636,1,21,5,2018,60,0.0135,0.7,0,1
5/24/2018,13,7,6,81.6,7,6.5,3.5,3,3.5,0.538461538,3,21,5,2018,80,0.0003,0.01,0,1
5/26/2018,56,7,49,87.37,5,14,1.75,12.25,1.25,0.089285714,5,21,5,2018,84,0.0005,0.21,0,1
5/27/2018,35,15,20,75.26,13,8.75,3.75,5,3.25,0.371428571,6,21,5,2018,63,0.0163,0.88,0,1
5/29/2018,21,21,0,85.19,21,10.5,10.5,0,10.5,1,1,22,5,2018,84,0,0.54,0,0
5/31/2018,30,27,3,67.67,14,15,13.5,1.5,7,0.466666667,3,22,5,2018,67,0.0016,0.99,0,1
6/2/2018,71,24,47,84.41,16,17.75,6,11.75,4,0.225352113,5,22,6,2018,86,0.0031,0.44,0,1
6/3/2018,112,26,86,70.36,36,28,6.5,21.5,9,0.321428571,6,22,6,2018,62,0.0076,0.95,0,1
6/5/2018,21,21,0,73.33,19,10.5,10.5,0,9.5,0.904761905,1,23,6,2018,74,0.0002,0.38,0,1
6/9/2018,110,37,70,80,18,27.5,9.25,17.5,4.5,0.163636364,5,23,6,2018,78,0,0.22,0,0
6/10/2018,93,44,48,70.04,41,23.25,11,12,10.25,0.440860215,6,23,6,2018,71,0.0009,0.85,0,1
6/12/2018,12,8,4,72.77,12,6,4,2,6,1,1,24,6,2018,73,0,0.08,0,0
6/14/2018,47,35,12,83.99,34,23.5,17.5,6,17,0.723404255,3,24,6,2018,84,0.0008,0.21,0,1
6/16/2018,103,25,78,82.27,22,25.75,6.25,19.5,5.5,0.213592233,5,24,6,2018,79,0.0006,0.11,0,1
6/17/2018,96,32,62,87.65,30,24,8,15.5,7.5,0.3125,6,24,6,2018,85,0.0003,0.09,0,1
6/19/2018,31,17,14,86.87,18,15.5,8.5,7,9,0.580645161,1,25,6,2018,87,0.002,0.39,0,1
6/21/2018,25,21,4,83.12,21,12.5,10.5,2,10.5,0.84,3,25,6,2018,83,0.0109,0.63,0,1
6/23/2018,40,17,23,76.11,16,10,4.25,5.75,4,0.4,5,25,6,2018,65,0.0023,0.97,0,1
6/24/2018,57,26,31,83.15,21,14.25,6.5,7.75,5.25,0.368421053,6,25,6,2018,81,0.0043,0.8,0,1
6/26/2018,53,43,10,75.09,31,26.5,21.5,5,15.5,0.58490566,1,26,6,2018,76,0,0.17,0,0
6/28/2018,39,23,16,81.7,16,19.5,11.5,8,8,0.41025641,3,26,6,2018,79,0.0228,0.77,0,1
6/30/2018,54,7,37,91.56,6,13.5,1.75,9.25,1.5,0.111111111,5,26,6,2018,87,0,0.06,0,0
7/1/2018,54,21,33,94.52,17,13.5,5.25,8.25,4.25,0.314814815,6,26,7,2018,94,0,0.13,0,0
7/3/2018,22,8,14,89.92,6,11,4,7,3,0.272727273,1,27,7,2018,85,0.0123,0.27,0,1
7/5/2018,39,16,23,87.69,12,19.5,8,11.5,6,0.307692308,3,27,7,2018,87,0,0.42,0,0
7/7/2018,120,33,81,74.91,12,30,8.25,20.25,3,0.1,5,27,7,2018,74,0,0.04,0,0
7/8/2018,84,15,61,80.53,6,21,3.75,15.25,1.5,0.071428571,6,27,7,2018,78,0,0.03,0,0
7/10/2018,27,16,11,91,16,13.5,8,5.5,8,0.592592593,1,28,7,2018,92,0,0.06,0,0
7/12/2018,47,37,9,82.73,31,23.5,18.5,4.5,15.5,0.659574468,3,28,7,2018,81,0.0013,0.53,0,1
7/14/2018,56,22,33,88.32,9,14,5.5,8.25,2.25,0.160714286,5,28,7,2018,85,0,0.23,0,0
7/15/2018,87,32,52,83.21,38,21.75,8,13,9.5,0.436781609,6,28,7,2018,73,0.0237,0.58,0,1
7/17/2018,12,4,8,86.4,4,6,2,4,2,0.333333333,1,29,7,2018,73,0.0236,0.59,0,1
7/19/2018,61,14,47,80.27,17,30.5,7,23.5,8.5,0.278688525,3,29,7,2018,81,0,0.02,0,0
7/21/2018,113,23,88,75.52,18,28.25,5.75,22,4.5,0.159292035,5,29,7,2018,76,0.0086,0.57,0,1
7/22/2018,80,25,55,81.23,11,20,6.25,13.75,2.75,0.1375,6,29,7,2018,78,0.0356,0.94,0,1
7/24/2018,32,13,19,82.15,18,16,6.5,9.5,9,0.5625,1,30,7,2018,82,0.0021,0.8,0,1
7/26/2018,57,30,27,85.25,27,28.5,15,13.5,13.5,0.473684211,3,30,7,2018,84,0.0028,0.64,0,1
7/28/2018,74,25,48,84.6,18,18.5,6.25,12,4.5,0.243243243,5,30,7,2018,82,0.0007,0.47,0,1
7/29/2018,87,32,48,80.74,19,21.75,8,12,4.75,0.218390805,6,30,7,2018,80,0,0.36,0,0
7/31/2018,31,16,15,79.72,22,15.5,8,7.5,11,0.709677419,1,31,7,2018,80,0,0.38,0,0
